,close
01-10-25,13700.0
01-10-26,15300.0
01-10-29,17100.0
01-10-30,17100.0
01-10-31,16650.0
01-11-01,16150.0
01-11-02,15350.0
01-11-05,16100.0
01-11-06,15750.0
01-11-07,16000.0
01-11-08,15850.0
01-11-09,15500.0
01-11-12,15300.0
01-11-13,15000.0
01-11-14,15000.0
01-11-15,15350.0
01-11-16,15200.0
01-11-19,15100.0
01-11-20,15000.0
01-11-21,14350.0
01-11-22,14000.0
01-11-23,14250.0
01-11-26,14100.0
01-11-27,13450.0
01-11-28,12500.0
01-11-29,13200.0
01-11-30,13300.0
01-12-03,14500.0
01-12-04,14600.0
01-12-05,14200.0
01-12-06,14150.0
01-12-07,14000.0
01-12-10,13700.0
01-12-11,13500.0
01-12-12,13700.0
01-12-13,13500.0
01-12-14,13350.0
01-12-17,13050.0
01-12-18,12600.0
01-12-19,12300.0
01-12-20,12400.0
01-12-21,12450.0
01-12-24,13200.0
01-12-26,13300.0
01-12-27,12950.0
01-12-28,13250.0
02-01-02,14000.0
02-01-03,14350.0
02-01-04,14450.0
02-01-07,14550.0
02-01-08,15050.0
02-01-09,15100.0
02-01-10,15850.0
02-01-11,16000.0
02-01-14,16100.0
02-01-15,15350.0
02-01-16,15000.0
02-01-17,15000.0
02-01-18,14600.0
02-01-21,15650.0
02-01-22,15850.0
02-01-23,16400.0
02-01-24,16250.0
02-01-25,18200.0
02-01-28,18600.0
02-01-29,18900.0
02-01-30,17400.0
02-01-31,18000.0
02-02-01,17750.0
02-02-04,17150.0
02-02-05,17250.0
02-02-06,18800.0
02-02-07,18050.0
02-02-08,18450.0
02-02-14,19000.0
02-02-15,18500.0
02-02-18,18000.0
02-02-19,17950.0
02-02-20,18550.0
02-02-21,18400.0
02-02-22,18150.0
02-02-25,18600.0
02-02-26,18150.0
02-02-27,17900.0
02-02-28,18100.0
02-03-04,18850.0
02-03-05,18850.0
02-03-06,18750.0
02-03-07,18800.0
02-03-08,18900.0
02-03-11,19950.0
02-03-12,20100.0
02-03-13,20300.0
02-03-14,20950.0
02-03-15,21600.0
02-03-18,21500.0
02-03-19,21500.0
02-03-20,20650.0
02-03-21,20650.0
02-03-22,20900.0
02-03-25,21200.0
02-03-26,21100.0
02-03-27,20400.0
02-03-28,20350.0
02-03-29,20900.0
02-04-01,18550.0
02-04-02,18700.0
02-04-03,19000.0
02-04-04,19000.0
02-04-08,18700.0
02-04-09,18450.0
02-04-10,17750.0
02-04-11,17800.0
02-04-12,18450.0
02-04-15,19050.0
02-04-16,19000.0
02-04-17,18950.0
02-04-18,19350.0
02-04-19,18900.0
02-04-22,18150.0
02-04-23,17700.0
02-04-24,17750.0
02-04-25,16900.0
02-04-26,17050.0
02-04-29,16200.0
02-04-30,15050.0
02-05-02,16100.0
02-05-03,17000.0
02-05-06,17000.0
02-05-07,17200.0
02-05-08,18150.0
02-05-09,18900.0
02-05-10,18600.0
02-05-13,18050.0
02-05-14,17600.0
02-05-15,18600.0
02-05-16,19000.0
02-05-17,18950.0
02-05-20,18700.0
02-05-21,17950.0
02-05-22,18200.0
02-05-23,18100.0
02-05-24,18100.0
02-05-27,17950.0
02-05-28,17650.0
02-05-29,17050.0
02-05-30,16100.0
02-05-31,16050.0
02-06-03,16800.0
02-06-04,16500.0
02-06-05,16500.0
02-06-07,16600.0
02-06-10,16900.0
02-06-11,17450.0
02-06-12,17800.0
02-06-14,17550.0
02-06-17,16900.0
02-06-18,16900.0
02-06-19,16200.0
02-06-20,16300.0
02-06-21,16300.0
02-06-24,16250.0
02-06-25,16100.0
02-06-26,15200.0
02-06-27,15450.0
02-06-28,16050.0
02-07-02,16200.0
02-07-03,16150.0
02-07-04,16400.0
02-07-05,16800.0
02-07-08,16800.0
02-07-09,17100.0
02-07-10,17100.0
02-07-11,16700.0
02-07-12,16750.0
02-07-15,16400.0
02-07-16,16350.0
02-07-18,16300.0
02-07-19,15950.0
02-07-22,15600.0
02-07-23,16000.0
02-07-24,15500.0
02-07-25,15500.0
02-07-26,15200.0
02-07-29,15400.0
02-07-30,15800.0
02-07-31,15800.0
02-08-01,15700.0
02-08-02,15300.0
02-08-05,14700.0
02-08-06,14200.0
02-08-07,14550.0
02-08-08,14250.0
02-08-09,14250.0
02-08-12,14500.0
02-08-13,14350.0
02-08-14,13850.0
02-08-16,13750.0
02-08-19,14550.0
02-08-20,14650.0
02-08-21,14500.0
02-08-22,14750.0
02-08-23,15350.0
02-08-26,15200.0
02-08-27,15050.0
02-08-28,14800.0
02-08-29,14500.0
02-08-30,14600.0
02-09-02,14500.0
02-09-03,14100.0
02-09-04,14000.0
02-09-05,13800.0
02-09-06,13300.0
02-09-09,12400.0
02-09-10,13050.0
02-09-11,13150.0
02-09-12,13450.0
02-09-13,13100.0
02-09-16,13100.0
02-09-17,13800.0
02-09-18,13850.0
02-09-19,13650.0
02-09-23,13250.0
02-09-24,13200.0
02-09-25,12800.0
02-09-26,12950.0
02-09-27,13150.0
02-09-30,12700.0
02-10-01,12800.0
02-10-02,12650.0
02-10-04,12300.0
02-10-07,11600.0
02-10-08,11100.0
02-10-09,10200.0
02-10-10,9000.0
02-10-11,8850.0
02-10-14,9700.0
02-10-15,10850.0
02-10-16,11100.0
02-10-17,11650.0
02-10-18,11950.0
02-10-21,11200.0
02-10-22,10800.0
02-10-23,11350.0
02-10-24,11100.0
02-10-25,11050.0
02-10-28,11400.0
02-10-29,11350.0
02-10-30,11200.0
02-10-31,11200.0
02-11-01,11200.0
02-11-04,11750.0
02-11-05,11300.0
02-11-06,11750.0
02-11-07,11850.0
02-11-08,11700.0
02-11-11,11350.0
02-11-12,11800.0
02-11-13,11850.0
02-11-14,11650.0
02-11-15,11600.0
02-11-18,11500.0
02-11-19,11500.0
02-11-20,11550.0
02-11-21,11550.0
02-11-22,11600.0
02-11-25,11850.0
02-11-26,11650.0
02-11-27,12850.0
02-11-28,13000.0
02-11-29,13200.0
02-12-02,13450.0
02-12-03,14000.0
02-12-04,13200.0
02-12-05,13750.0
02-12-06,13500.0
02-12-09,13450.0
02-12-10,13600.0
02-12-11,13550.0
02-12-12,13650.0
02-12-13,13500.0
02-12-16,13100.0
02-12-17,13250.0
02-12-18,12450.0
02-12-20,12550.0
02-12-23,12100.0
02-12-24,12100.0
02-12-26,11800.0
02-12-27,11650.0
02-12-30,11200.0
03-01-02,11800.0
03-01-03,12200.0
03-01-06,12200.0
03-01-07,12250.0
03-01-08,12450.0
03-01-09,13100.0
03-01-10,12950.0
03-01-13,13450.0
03-01-14,13100.0
03-01-15,13100.0
03-01-16,12800.0
03-01-17,12500.0
03-01-20,12550.0
03-01-21,12450.0
03-01-22,12200.0
03-01-23,12950.0
03-01-24,12600.0
03-01-27,12750.0
03-01-28,12850.0
03-01-29,12750.0
03-01-30,13000.0
03-02-03,13500.0
03-02-04,13550.0
03-02-05,13500.0
03-02-06,13300.0
03-02-07,12950.0
03-02-10,13300.0
03-02-11,13550.0
03-02-12,13600.0
03-02-13,13500.0
03-02-14,13950.0
03-02-17,14200.0
03-02-18,14000.0
03-02-19,13900.0
03-02-20,14000.0
03-02-21,13850.0
03-02-24,13500.0
03-02-25,13250.0
03-02-26,13150.0
03-02-27,13350.0
03-02-28,12850.0
03-03-03,12900.0
03-03-04,12900.0
03-03-05,12550.0
03-03-06,11400.0
03-03-07,10600.0
03-03-10,10650.0
03-03-11,10250.0
03-03-12,11200.0
03-03-13,10850.0
03-03-14,11100.0
03-03-17,10500.0
03-03-18,11000.0
03-03-19,11100.0
03-03-20,11950.0
03-03-21,12150.0
03-03-24,11750.0
03-03-25,11600.0
03-03-26,11750.0
03-03-27,11800.0
03-03-28,12050.0
03-03-31,11750.0
03-04-01,11750.0
03-04-02,11750.0
03-04-03,11550.0
03-04-04,11450.0
03-04-07,11700.0
03-04-08,11750.0
03-04-09,11350.0
03-04-10,11400.0
03-04-11,11400.0
03-04-14,11500.0
03-04-15,12000.0
03-04-16,12200.0
03-04-17,12050.0
03-04-18,12100.0
03-04-21,12400.0
03-04-22,12000.0
03-04-23,11900.0
03-04-24,11400.0
03-04-25,10550.0
03-04-28,10250.0
03-04-29,10800.0
03-04-30,11100.0
03-05-02,11150.0
03-05-06,11350.0
03-05-07,11300.0
03-05-09,11350.0
03-05-12,11400.0
03-05-13,11550.0
03-05-14,11350.0
03-05-15,11400.0
03-05-16,11950.0
03-05-19,12000.0
03-05-20,11850.0
03-05-21,11800.0
03-05-22,12000.0
03-05-23,12200.0
03-05-26,12850.0
03-05-27,12900.0
03-05-28,13100.0
03-05-29,12700.0
03-05-30,12950.0
03-06-02,12600.0
03-06-03,12000.0
03-06-04,12600.0
03-06-05,12600.0
03-06-09,13000.0
03-06-10,13100.0
03-06-11,12900.0
03-06-12,13000.0
03-06-13,13500.0
03-06-16,13500.0
03-06-17,13900.0
03-06-18,13900.0
03-06-19,13600.0
03-06-20,13550.0
03-06-23,13400.0
03-06-24,13400.0
03-06-25,13350.0
03-06-26,13300.0
03-06-27,13500.0
03-06-30,13300.0
03-07-01,13250.0
03-07-02,13300.0
03-07-03,13300.0
03-07-04,13550.0
03-07-07,13650.0
03-07-08,13650.0
03-07-09,14450.0
03-07-10,13900.0
03-07-11,13650.0
03-07-14,13400.0
03-07-15,13350.0
03-07-16,13450.0
03-07-18,12900.0
03-07-21,13160.0
03-07-22,13330.0
03-07-23,13140.0
03-07-24,13080.0
03-07-25,13390.0
03-07-28,13550.0
03-07-29,13600.0
03-07-30,13110.0
03-07-31,13070.0
03-08-01,13210.0
03-08-04,13210.0
03-08-05,13360.0
03-08-06,13050.0
03-08-07,12500.0
03-08-08,12240.0
03-08-11,12550.0
03-08-12,12320.0
03-08-13,12030.0
03-08-14,12000.0
03-08-18,12110.0
03-08-19,12500.0
03-08-20,12410.0
03-08-21,12550.0
03-08-22,12630.0
03-08-25,14140.0
03-08-26,13200.0
03-08-27,13210.0
03-08-28,13280.0
03-08-29,13230.0
03-09-01,13770.0
03-09-02,13770.0
03-09-03,13000.0
03-09-04,12259.0
03-09-05,13148.0
03-09-08,13335.0
03-09-09,13569.0
03-09-15,13428.0
03-09-16,13943.0
03-09-17,14037.0
03-09-18,14037.0
03-09-19,14037.0
03-09-22,13148.0
03-09-23,13054.0
03-09-24,13148.0
03-09-25,13148.0
03-09-26,13101.0
03-09-29,13288.0
03-09-30,12914.0
03-10-01,12493.0
03-10-02,12914.0
03-10-06,12914.0
03-10-07,13241.0
03-10-08,13148.0
03-10-09,13194.0
03-10-10,13428.0
03-10-13,13335.0
03-10-14,13054.0
03-10-15,13007.0
03-10-16,13054.0
03-10-17,12960.0
03-10-20,13007.0
03-10-21,13475.0
03-10-22,13522.0
03-10-23,13382.0
03-10-24,13475.0
03-10-27,13428.0
03-10-28,13896.0
03-10-29,13990.0
03-10-30,13990.0
03-10-31,13990.0
03-11-03,13990.0
03-11-04,14739.0
03-11-05,14832.0
03-11-06,13943.0
03-11-07,14083.0
03-11-10,14317.0
03-11-11,14224.0
03-11-12,13943.0
03-11-13,13709.0
03-11-14,13662.0
03-11-17,13990.0
03-11-18,13756.0
03-11-19,13709.0
03-11-20,13522.0
03-11-21,13475.0
03-11-24,12727.0
03-11-25,12633.0
03-11-26,12914.0
03-11-27,12633.0
03-11-28,12914.0
03-12-01,13241.0
03-12-02,13662.0
03-12-03,13943.0
03-12-04,13569.0
03-12-05,13850.0
03-12-08,13756.0
03-12-09,13569.0
03-12-10,14130.0
03-12-11,14224.0
03-12-12,14317.0
03-12-15,14364.0
03-12-16,14224.0
03-12-17,13662.0
03-12-18,13709.0
03-12-19,13756.0
03-12-22,13943.0
03-12-23,13990.0
03-12-24,13756.0
03-12-26,13850.0
03-12-29,13850.0
03-12-30,14200.0
04-01-02,14200.0
04-01-05,14400.0
04-01-06,14850.0
04-01-07,15000.0
04-01-08,14750.0
04-01-09,14750.0
04-01-12,14700.0
04-01-13,14700.0
04-01-14,14200.0
04-01-15,14450.0
04-01-16,14250.0
04-01-19,14050.0
04-01-20,14000.0
04-01-26,14450.0
04-01-27,14200.0
04-01-28,14500.0
04-01-29,14700.0
04-01-30,15000.0
04-02-02,14700.0
04-02-03,14350.0
04-02-04,14250.0
04-02-05,14250.0
04-02-06,14150.0
04-02-09,14500.0
04-02-10,14700.0
04-02-11,14900.0
04-02-12,14450.0
04-02-13,14450.0
04-02-16,14300.0
04-02-17,14650.0
04-02-18,14300.0
04-02-19,14100.0
04-02-20,13900.0
04-02-23,13500.0
04-02-24,13150.0
04-02-25,13750.0
04-02-26,13800.0
04-02-27,14050.0
04-03-02,13800.0
04-03-03,13900.0
04-03-04,14100.0
04-03-05,14000.0
04-03-08,13850.0
04-03-09,14000.0
04-03-10,13800.0
04-03-11,14000.0
04-03-12,13650.0
04-03-15,13800.0
04-03-16,13500.0
04-03-17,13750.0
04-03-18,14150.0
04-03-19,14600.0
04-03-22,14200.0
04-03-23,14350.0
04-03-24,14350.0
04-03-25,14350.0
04-03-26,14150.0
04-03-29,14150.0
04-03-30,14600.0
04-03-31,15050.0
04-04-01,15100.0
04-04-02,15100.0
04-04-06,15300.0
04-04-07,14950.0
04-04-08,14600.0
04-04-09,14600.0
04-04-12,14400.0
04-04-13,14350.0
04-04-14,14400.0
04-04-16,14250.0
04-04-19,14200.0
04-04-20,14300.0
04-04-21,14350.0
04-04-22,13950.0
04-04-23,14000.0
04-04-26,13750.0
04-04-27,13850.0
04-04-28,13800.0
04-04-29,13400.0
04-04-30,13350.0
04-05-03,13250.0
04-05-04,13200.0
04-05-06,12300.0
04-05-07,12800.0
04-05-10,12350.0
04-05-11,12750.0
04-05-12,13100.0
04-05-13,12750.0
04-05-14,12400.0
04-05-17,11000.0
04-05-18,11750.0
04-05-19,12500.0
04-05-20,12500.0
04-05-21,13000.0
04-05-24,12800.0
04-05-25,12500.0
04-05-27,12950.0
04-05-28,12750.0
04-05-31,12600.0
04-06-01,13050.0
04-06-02,13050.0
04-06-03,12950.0
04-06-04,13000.0
04-06-07,12900.0
04-06-08,13050.0
04-06-09,13000.0
04-06-10,13150.0
04-06-11,12500.0
04-06-14,12150.0
04-06-15,12100.0
04-06-16,12000.0
04-06-17,12050.0
04-06-18,11650.0
04-06-21,12100.0
04-06-22,12250.0
04-06-23,11850.0
04-06-24,12350.0
04-06-25,12150.0
04-06-28,11900.0
04-06-29,12150.0
04-06-30,12800.0
04-07-01,13000.0
04-07-02,12350.0
04-07-05,12450.0
04-07-06,12550.0
04-07-07,12550.0
04-07-08,12200.0
04-07-09,12350.0
04-07-12,12350.0
04-07-13,12250.0
04-07-14,12050.0
04-07-15,12200.0
04-07-16,12050.0
04-07-19,12300.0
04-07-20,12000.0
04-07-21,12150.0
04-07-22,12100.0
04-07-23,12000.0
04-07-26,12100.0
04-07-27,12350.0
04-07-28,12450.0
04-07-29,12300.0
04-07-30,12200.0
04-08-02,12050.0
04-08-03,11950.0
04-08-04,12100.0
04-08-05,12050.0
04-08-06,11800.0
04-08-09,12100.0
04-08-10,12050.0
04-08-11,11900.0
04-08-12,12100.0
04-08-13,12050.0
04-08-16,11900.0
04-08-17,12050.0
04-08-18,12100.0
04-08-19,12400.0
04-08-20,12400.0
04-08-23,12350.0
04-08-24,12450.0
04-08-25,12600.0
04-08-26,12550.0
04-08-27,12650.0
04-08-30,12650.0
04-08-31,12600.0
04-09-01,12700.0
04-09-02,12700.0
04-09-03,12350.0
04-09-06,12550.0
04-09-07,12950.0
04-09-08,12950.0
04-09-09,13200.0
04-09-10,13000.0
04-09-13,13050.0
04-09-14,13100.0
04-09-15,13100.0
04-09-16,13200.0
04-09-17,13000.0
04-09-20,13200.0
04-09-21,13100.0
04-09-22,13000.0
04-09-23,12750.0
04-09-24,12350.0
04-09-30,12400.0
04-10-01,12300.0
04-10-04,12550.0
04-10-05,13100.0
04-10-06,13000.0
04-10-07,12750.0
04-10-08,12750.0
04-10-11,12900.0
04-10-12,12750.0
04-10-13,12750.0
04-10-14,12650.0
04-10-15,12550.0
04-10-18,12750.0
04-10-19,12950.0
04-10-20,12800.0
04-10-21,12550.0
04-10-22,12600.0
04-10-25,12100.0
04-10-26,12200.0
04-10-27,12200.0
04-10-28,12500.0
04-10-29,12500.0
04-11-01,12700.0
04-11-02,12850.0
04-11-03,13250.0
04-11-04,12950.0
04-11-05,12900.0
04-11-08,12600.0
04-11-09,12600.0
04-11-10,12650.0
04-11-11,12950.0
04-11-12,13050.0
04-11-15,13000.0
04-11-16,12900.0
04-11-17,13150.0
04-11-18,13200.0
04-11-19,13200.0
04-11-22,12950.0
04-11-23,13100.0
04-11-24,13250.0
04-11-25,13400.0
04-11-26,13300.0
04-11-29,13650.0
04-11-30,13900.0
04-12-01,13900.0
04-12-02,14100.0
04-12-03,14050.0
04-12-06,13600.0
04-12-07,13500.0
04-12-08,13250.0
04-12-09,13000.0
04-12-10,13300.0
04-12-13,13550.0
04-12-14,13700.0
04-12-15,13700.0
04-12-16,13800.0
04-12-17,13850.0
04-12-20,14000.0
04-12-21,13750.0
04-12-22,14000.0
04-12-23,13750.0
04-12-24,13850.0
04-12-27,13300.0
04-12-28,13400.0
04-12-29,13200.0
04-12-30,13450.0
05-01-03,13250.0
05-01-04,13400.0
05-01-05,13300.0
05-01-06,13000.0
05-01-07,12800.0
05-01-10,13100.0
05-01-11,13150.0
05-01-12,12900.0
05-01-13,13050.0
05-01-14,13100.0
05-01-17,12950.0
05-01-18,12850.0
05-01-19,12900.0
05-01-20,12750.0
05-01-21,12750.0
05-01-24,12550.0
05-01-25,12500.0
05-01-26,12700.0
05-01-27,12700.0
05-01-28,12750.0
05-01-31,12800.0
05-02-01,12800.0
05-02-02,12700.0
05-02-03,12500.0
05-02-04,12450.0
05-02-07,12450.0
05-02-11,12200.0
05-02-14,12450.0
05-02-15,12550.0
05-02-16,12650.0
05-02-17,12500.0
05-02-18,13050.0
05-02-21,12900.0
05-02-22,12550.0
05-02-23,12950.0
05-02-24,12800.0
05-02-25,12800.0
05-02-28,12900.0
05-03-02,13050.0
05-03-03,13200.0
05-03-04,13400.0
05-03-07,13750.0
05-03-08,14200.0
05-03-09,14600.0
05-03-10,14600.0
05-03-11,14600.0
05-03-14,14600.0
05-03-15,14500.0
05-03-16,14600.0
05-03-17,14700.0
05-03-18,15300.0
05-03-21,15200.0
05-03-22,14800.0
05-03-23,14500.0
05-03-24,14500.0
05-03-25,14550.0
05-03-28,14650.0
05-03-29,14700.0
05-03-30,14800.0
05-03-31,15200.0
05-04-01,15050.0
05-04-04,15300.0
05-04-06,15100.0
05-04-07,14700.0
05-04-08,14750.0
05-04-11,14800.0
05-04-12,14750.0
05-04-13,14850.0
05-04-14,14350.0
05-04-15,14400.0
05-04-18,14050.0
05-04-19,13700.0
05-04-20,13900.0
05-04-21,13800.0
05-04-22,14000.0
05-04-25,14150.0
05-04-26,14100.0
05-04-27,13700.0
05-04-28,13800.0
05-04-29,13950.0
05-05-02,14050.0
05-05-03,14100.0
05-05-04,14000.0
05-05-06,14100.0
05-05-09,13500.0
05-05-10,13750.0
05-05-11,13550.0
05-05-12,13450.0
05-05-13,13600.0
05-05-16,14000.0
05-05-17,14250.0
05-05-18,14450.0
05-05-19,14800.0
05-05-20,14550.0
05-05-23,14500.0
05-05-24,14400.0
05-05-25,14400.0
05-05-26,14700.0
05-05-27,14600.0
05-05-30,14500.0
05-05-31,14500.0
05-06-01,14700.0
05-06-02,14400.0
05-06-03,14350.0
05-06-07,14200.0
05-06-08,14500.0
05-06-09,14800.0
05-06-10,14700.0
05-06-13,14700.0
05-06-14,14750.0
05-06-15,14800.0
05-06-16,14900.0
05-06-17,15050.0
05-06-20,15000.0
05-06-21,14950.0
05-06-22,15000.0
05-06-23,14750.0
05-06-24,14400.0
05-06-27,14450.0
05-06-28,14500.0
05-06-29,14850.0
05-06-30,14800.0
05-07-01,15050.0
05-07-04,15600.0
05-07-05,15300.0
05-07-06,15450.0
05-07-07,15350.0
05-07-08,15300.0
05-07-11,15650.0
05-07-12,16300.0
05-07-13,16000.0
05-07-14,15800.0
05-07-15,15500.0
05-07-18,15850.0
05-07-19,15600.0
05-07-20,15800.0
05-07-21,16600.0
05-07-22,16500.0
05-07-25,16400.0
05-07-26,16500.0
05-07-27,16650.0
05-07-28,16800.0
05-07-29,16400.0
05-08-01,16250.0
05-08-02,17000.0
05-08-03,17000.0
05-08-04,17650.0
05-08-05,17100.0
05-08-08,16700.0
05-08-09,17200.0
05-08-10,17500.0
05-08-11,18050.0
05-08-12,17900.0
05-08-16,17450.0
05-08-17,17200.0
05-08-18,17100.0
05-08-19,17150.0
05-08-22,17950.0
05-08-23,17850.0
05-08-24,17100.0
05-08-25,17050.0
05-08-26,16250.0
05-08-29,15700.0
05-08-30,16200.0
05-08-31,16250.0
05-09-01,16550.0
05-09-02,16750.0
05-09-05,17050.0
05-09-06,16900.0
05-09-07,17150.0
05-09-08,17000.0
05-09-09,16400.0
05-09-12,15900.0
05-09-13,15900.0
05-09-14,16600.0
05-09-15,16950.0
05-09-16,16750.0
05-09-20,17000.0
05-09-21,17900.0
05-09-22,17650.0
05-09-23,17200.0
05-09-26,17700.0
05-09-27,17250.0
05-09-28,17700.0
05-09-29,17900.0
05-09-30,17800.0
05-10-04,18200.0
05-10-05,17600.0
05-10-06,17000.0
05-10-07,16750.0
05-10-10,17300.0
05-10-11,17550.0
05-10-12,17600.0
05-10-13,17450.0
05-10-14,17750.0
05-10-17,17800.0
05-10-18,18450.0
05-10-19,17800.0
05-10-20,18300.0
05-10-21,18050.0
05-10-24,18700.0
05-10-25,18300.0
05-10-26,17950.0
05-10-27,17800.0
05-10-28,17350.0
05-10-31,17500.0
05-11-01,17700.0
05-11-02,18050.0
05-11-03,17900.0
05-11-04,18450.0
05-11-07,18600.0
05-11-08,18400.0
05-11-09,18700.0
05-11-10,18800.0
05-11-11,18950.0
05-11-14,18500.0
05-11-15,18700.0
05-11-16,18600.0
05-11-17,18950.0
05-11-18,20050.0
05-11-21,20000.0
05-11-22,19850.0
05-11-23,21500.0
05-11-24,21200.0
05-11-25,21000.0
05-11-28,20400.0
05-11-29,20150.0
05-11-30,20500.0
05-12-01,20600.0
05-12-02,20600.0
05-12-05,20000.0
05-12-06,20000.0
05-12-07,19550.0
05-12-08,19550.0
05-12-09,20050.0
05-12-12,20300.0
05-12-13,20300.0
05-12-14,19700.0
05-12-15,19700.0
05-12-16,19400.0
05-12-19,19600.0
05-12-20,19150.0
05-12-21,19500.0
05-12-22,19700.0
05-12-23,19650.0
05-12-26,19500.0
05-12-27,20300.0
05-12-28,20800.0
05-12-29,20550.0
06-01-02,20100.0
06-01-03,20850.0
06-01-04,21950.0
06-01-05,21900.0
06-01-06,21550.0
06-01-09,21500.0
06-01-10,21000.0
06-01-11,20800.0
06-01-12,21250.0
06-01-13,21350.0
06-01-16,21000.0
06-01-17,20150.0
06-01-18,20150.0
06-01-19,21200.0
06-01-20,21350.0
06-01-23,20350.0
06-01-24,20250.0
06-01-25,20000.0
06-01-26,19800.0
06-01-27,20450.0
06-01-31,20300.0
06-02-01,20400.0
06-02-02,20700.0
06-02-03,20100.0
06-02-06,19350.0
06-02-07,18550.0
06-02-08,17650.0
06-02-09,18500.0
06-02-10,18000.0
06-02-13,17600.0
06-02-14,18000.0
06-02-15,17850.0
06-02-16,17000.0
06-02-17,17100.0
06-02-20,17400.0
06-02-21,17900.0
06-02-22,18250.0
06-02-23,18400.0
06-02-24,18700.0
06-02-27,19300.0
06-02-28,19400.0
06-03-02,18600.0
06-03-03,18300.0
06-03-06,18900.0
06-03-07,18900.0
06-03-08,18900.0
06-03-09,18550.0
06-03-10,18750.0
06-03-13,19000.0
06-03-14,18400.0
06-03-15,19600.0
06-03-16,20000.0
06-03-17,19750.0
06-03-20,19250.0
06-03-21,19050.0
06-03-22,18450.0
06-03-23,18550.0
06-03-24,18400.0
06-03-27,19150.0
06-03-28,19050.0
06-03-29,19050.0
06-03-30,19100.0
06-03-31,19200.0
06-04-03,19400.0
06-04-04,19500.0
06-04-05,20100.0
06-04-06,20000.0
06-04-07,20100.0
06-04-10,20300.0
06-04-11,20000.0
06-04-12,20550.0
06-04-13,20900.0
06-04-14,20900.0
06-04-17,20500.0
06-04-18,20350.0
06-04-19,20450.0
06-04-20,20300.0
06-04-21,20150.0
06-04-24,19200.0
06-04-25,19300.0
06-04-26,19550.0
06-04-27,19600.0
06-04-28,19400.0
06-05-02,19200.0
06-05-03,17650.0
06-05-04,17350.0
06-05-08,17400.0
06-05-09,17800.0
06-05-10,17900.0
06-05-11,18000.0
06-05-12,17400.0
06-05-15,17000.0
06-05-16,16500.0
06-05-17,16550.0
06-05-18,16050.0
06-05-19,16950.0
06-05-22,16200.0
06-05-23,17000.0
06-05-24,16500.0
06-05-25,16600.0
06-05-26,17600.0
06-05-29,17100.0
06-05-30,16750.0
06-06-01,16600.0
06-06-02,17000.0
06-06-05,16750.0
06-06-07,16200.0
06-06-08,14950.0
06-06-09,15250.0
06-06-12,15600.0
06-06-13,14900.0
06-06-14,15450.0
06-06-15,15000.0
06-06-16,15350.0
06-06-19,15450.0
06-06-20,15400.0
06-06-21,15400.0
06-06-22,15800.0
06-06-23,15850.0
06-06-26,15450.0
06-06-27,15150.0
06-06-28,14600.0
06-06-29,15150.0
06-06-30,16200.0
06-07-03,16500.0
06-07-04,16500.0
06-07-05,16750.0
06-07-06,16600.0
06-07-07,16700.0
06-07-10,16750.0
06-07-11,16750.0
06-07-12,16650.0
06-07-13,16700.0
06-07-14,16250.0
06-07-18,15800.0
06-07-19,15900.0
06-07-20,16200.0
06-07-21,16100.0
06-07-24,16150.0
06-07-25,16250.0
06-07-26,15800.0
06-07-27,16700.0
06-07-28,17000.0
06-07-31,16850.0
06-08-01,17000.0
06-08-02,17000.0
06-08-03,17000.0
06-08-04,17600.0
06-08-07,16900.0
06-08-08,17450.0
06-08-09,17500.0
06-08-10,17350.0
06-08-11,17150.0
06-08-14,17300.0
06-08-16,17400.0
06-08-17,17450.0
06-08-18,17400.0
06-08-21,17450.0
06-08-22,18300.0
06-08-23,18350.0
06-08-24,17800.0
06-08-25,17900.0
06-08-28,17900.0
06-08-29,18500.0
06-08-30,18000.0
06-08-31,18200.0
06-09-01,18350.0
06-09-04,18450.0
06-09-05,18400.0
06-09-06,18150.0
06-09-07,18650.0
06-09-08,18750.0
06-09-11,18350.0
06-09-12,18400.0
06-09-13,18800.0
06-09-14,19000.0
06-09-15,19000.0
06-09-18,19100.0
06-09-19,19200.0
06-09-20,19200.0
06-09-21,19400.0
06-09-22,19300.0
06-09-25,19500.0
06-09-26,19450.0
06-09-27,19850.0
06-09-28,19800.0
06-09-29,20000.0
06-10-02,20000.0
06-10-04,19700.0
06-10-09,19150.0
06-10-10,18750.0
06-10-11,18600.0
06-10-12,18450.0
06-10-13,18750.0
06-10-16,18750.0
06-10-17,18800.0
06-10-18,19300.0
06-10-19,19250.0
06-10-20,19150.0
06-10-23,18850.0
06-10-24,18750.0
06-10-25,18900.0
06-10-26,18600.0
06-10-27,18250.0
06-10-30,18650.0
06-10-31,18250.0
06-11-01,17850.0
06-11-02,17950.0
06-11-03,17550.0
06-11-06,18000.0
06-11-07,18800.0
06-11-08,18850.0
06-11-09,18950.0
06-11-10,18900.0
06-11-13,18450.0
06-11-14,18800.0
06-11-15,18500.0
06-11-16,18250.0
06-11-17,18400.0
06-11-20,18550.0
06-11-21,19300.0
06-11-22,20100.0
06-11-23,20200.0
06-11-24,19850.0
06-11-27,20200.0
06-11-28,19750.0
06-11-29,19950.0
06-11-30,19550.0
06-12-01,19450.0
06-12-04,19500.0
06-12-05,19000.0
06-12-06,19300.0
06-12-07,19900.0
06-12-08,19500.0
06-12-11,19300.0
06-12-12,19350.0
06-12-13,19700.0
06-12-14,20300.0
06-12-15,20100.0
06-12-18,20400.0
06-12-19,20350.0
06-12-20,20700.0
06-12-21,20800.0
06-12-22,21000.0
06-12-26,20950.0
06-12-27,20600.0
06-12-28,20200.0
07-01-02,19850.0
07-01-03,19600.0
07-01-04,19050.0
07-01-05,18950.0
07-01-08,18950.0
07-01-09,19700.0
07-01-10,20050.0
07-01-11,20350.0
07-01-12,20300.0
07-01-15,20100.0
07-01-16,20350.0
07-01-17,20100.0
07-01-18,20500.0
07-01-19,20250.0
07-01-22,20300.0
07-01-23,20750.0
07-01-24,20900.0
07-01-25,20950.0
07-01-26,20600.0
07-01-29,20300.0
07-01-30,20100.0
07-01-31,20050.0
07-02-01,20650.0
07-02-02,20900.0
07-02-05,21100.0
07-02-06,20700.0
07-02-07,19500.0
07-02-08,19200.0
07-02-09,19500.0
07-02-12,19750.0
07-02-13,19350.0
07-02-14,19600.0
07-02-15,18850.0
07-02-16,18400.0
07-02-20,18450.0
07-02-21,18600.0
07-02-22,18700.0
07-02-23,18600.0
07-02-26,19000.0
07-02-27,18350.0
07-02-28,17950.0
07-03-02,17250.0
07-03-05,16300.0
07-03-06,16450.0
07-03-07,17150.0
07-03-08,17150.0
07-03-09,16850.0
07-03-12,16900.0
07-03-13,17100.0
07-03-14,16550.0
07-03-15,17000.0
07-03-16,16950.0
07-03-19,16950.0
07-03-20,17000.0
07-03-21,17100.0
07-03-22,17100.0
07-03-23,17150.0
07-03-26,17000.0
07-03-27,17050.0
07-03-28,16750.0
07-03-29,17050.0
07-03-30,17650.0
07-04-02,18600.0
07-04-03,18650.0
07-04-04,18600.0
07-04-05,18550.0
07-04-06,18500.0
07-04-09,18600.0
07-04-10,19000.0
07-04-11,19300.0
07-04-12,19500.0
07-04-13,19200.0
07-04-16,18950.0
07-04-17,18700.0
07-04-18,18950.0
07-04-19,18750.0
07-04-20,19000.0
07-04-23,19000.0
07-04-24,19050.0
07-04-25,19300.0
07-04-26,19650.0
07-04-27,19400.0
07-04-30,19300.0
07-05-02,19300.0
07-05-03,19300.0
07-05-04,19500.0
07-05-07,19200.0
07-05-08,19000.0
07-05-09,19150.0
07-05-10,19100.0
07-05-11,19000.0
07-05-14,19000.0
07-05-15,19250.0
07-05-16,19650.0
07-05-17,19600.0
07-05-18,20000.0
07-05-21,19800.0
07-05-22,19650.0
07-05-23,19750.0
07-05-25,20050.0
07-05-28,20600.0
07-05-29,19900.0
07-05-30,19800.0
07-05-31,20250.0
07-06-01,19900.0
07-06-04,19650.0
07-06-05,19650.0
07-06-07,20350.0
07-06-08,19950.0
07-06-11,20550.0
07-06-12,20400.0
07-06-13,20100.0
07-06-14,20500.0
07-06-15,20500.0
07-06-18,20850.0
07-06-19,21600.0
07-06-20,22000.0
07-06-21,22250.0
07-06-22,22150.0
07-06-25,21600.0
07-06-26,21400.0
07-06-27,21000.0
07-06-28,21000.0
07-06-29,21450.0
07-07-02,22800.0
07-07-03,23300.0
07-07-04,24800.0
07-07-05,22000.0
07-07-06,21900.0
07-07-09,22200.0
07-07-10,21900.0
07-07-11,21400.0
07-07-12,21350.0
07-07-13,21650.0
07-07-16,21400.0
07-07-18,22200.0
07-07-19,22200.0
07-07-20,22200.0
07-07-23,22150.0
07-07-24,22150.0
07-07-25,22150.0
07-07-26,22000.0
07-07-27,21150.0
07-07-30,20750.0
07-07-31,20800.0
07-08-01,19850.0
07-08-02,19550.0
07-08-03,20100.0
07-08-06,20000.0
07-08-07,20200.0
07-08-08,20700.0
07-08-09,20800.0
07-08-10,20600.0
07-08-13,20800.0
07-08-14,21200.0
07-08-16,20500.0
07-08-17,20150.0
07-08-20,20900.0
07-08-21,20750.0
07-08-22,21000.0
07-08-23,21100.0
07-08-24,21500.0
07-08-27,21200.0
07-08-28,21850.0
07-08-29,21600.0
07-08-30,21800.0
07-08-31,22500.0
07-09-03,22650.0
07-09-04,22400.0
07-09-05,21700.0
07-09-06,22000.0
07-09-07,22300.0
07-09-10,22100.0
07-09-11,22200.0
07-09-12,22400.0
07-09-13,23800.0
07-09-14,24700.0
07-09-17,24550.0
07-09-18,24300.0
07-09-19,24600.0
07-09-20,25700.0
07-09-21,26000.0
07-09-27,28050.0
07-09-28,27000.0
07-10-01,27000.0
07-10-02,26800.0
07-10-04,25350.0
07-10-05,26300.0
07-10-08,25900.0
07-10-09,26250.0
07-10-10,26400.0
07-10-11,27450.0
07-10-12,25600.0
07-10-15,25450.0
07-10-16,24500.0
07-10-17,23850.0
07-10-18,25250.0
07-10-19,24950.0
07-10-22,24200.0
07-10-23,24200.0
07-10-24,24500.0
07-10-25,24000.0
07-10-26,25000.0
07-10-29,25350.0
07-10-30,24550.0
07-10-31,24000.0
07-11-01,23800.0
07-11-02,22750.0
07-11-05,22800.0
07-11-06,22450.0
07-11-07,22550.0
07-11-08,21650.0
07-11-09,23150.0
07-11-12,22350.0
07-11-13,23150.0
07-11-14,24150.0
07-11-15,24350.0
07-11-16,23500.0
07-11-19,23100.0
07-11-20,23100.0
07-11-21,22300.0
07-11-22,21850.0
07-11-23,21400.0
07-11-26,22200.0
07-11-27,22250.0
07-11-28,22600.0
07-11-29,23000.0
07-11-30,23200.0
07-12-03,23500.0
07-12-04,24500.0
07-12-05,25150.0
07-12-06,25150.0
07-12-07,26000.0
07-12-10,25000.0
07-12-11,24850.0
07-12-12,25000.0
07-12-13,24600.0
07-12-14,25400.0
07-12-17,24450.0
07-12-18,24200.0
07-12-20,24500.0
07-12-21,25600.0
07-12-24,25300.0
07-12-26,25300.0
07-12-27,24900.0
07-12-28,24600.0
08-01-02,24000.0
08-01-03,23900.0
08-01-04,24300.0
08-01-07,24600.0
08-01-08,24500.0
08-01-09,24700.0
08-01-10,23850.0
08-01-11,23650.0
08-01-14,23950.0
08-01-15,23500.0
08-01-16,23200.0
08-01-17,22600.0
08-01-18,22400.0
08-01-21,22000.0
08-01-22,20700.0
08-01-23,21400.0
08-01-24,21400.0
08-01-25,22700.0
08-01-28,21850.0
08-01-29,22000.0
08-01-30,21750.0
08-01-31,21850.0
08-02-01,22300.0
08-02-04,22500.0
08-02-05,22650.0
08-02-11,22150.0
08-02-12,21800.0
08-02-13,21700.0
08-02-14,22450.0
08-02-15,22100.0
08-02-18,22150.0
08-02-19,22000.0
08-02-20,21950.0
08-02-21,21550.0
08-02-22,21450.0
08-02-25,21600.0
08-02-26,21450.0
08-02-27,21300.0
08-02-28,20950.0
08-02-29,20800.0
08-03-03,20100.0
08-03-04,19850.0
08-03-05,19600.0
08-03-06,20100.0
08-03-07,19800.0
08-03-10,19850.0
08-03-11,20500.0
08-03-12,20500.0
08-03-13,20350.0
08-03-14,20700.0
08-03-17,20250.0
08-03-18,20500.0
08-03-19,20500.0
08-03-20,20700.0
08-03-21,20650.0
08-03-24,20800.0
08-03-25,20400.0
08-03-26,20500.0
08-03-27,20600.0
08-03-28,20500.0
08-03-31,20400.0
08-04-01,20100.0
08-04-02,19950.0
08-04-03,20000.0
08-04-04,20000.0
08-04-07,21000.0
08-04-08,20850.0
08-04-10,21250.0
08-04-11,20850.0
08-04-14,20800.0
08-04-15,20800.0
08-04-16,21000.0
08-04-17,21200.0
08-04-18,21300.0
08-04-21,21500.0
08-04-22,21700.0
08-04-23,22100.0
08-04-24,21450.0
08-04-25,21500.0
08-04-28,21500.0
08-04-29,21200.0
08-04-30,21000.0
08-05-02,21250.0
08-05-06,21500.0
08-05-07,22500.0
08-05-08,22500.0
08-05-09,22200.0
08-05-13,22500.0
08-05-14,22500.0
08-05-15,23500.0
08-05-16,23900.0
08-05-19,24000.0
08-05-20,24000.0
08-05-21,24000.0
08-05-22,23700.0
08-05-23,23100.0
08-05-26,23100.0
08-05-27,23400.0
08-05-28,23400.0
08-05-29,23950.0
08-05-30,24400.0
08-06-02,24150.0
08-06-03,23800.0
08-06-04,23750.0
08-06-05,24000.0
08-06-09,23850.0
08-06-10,23000.0
08-06-11,22900.0
08-06-12,21750.0
08-06-13,22600.0
08-06-16,22450.0
08-06-17,22100.0
08-06-18,22400.0
08-06-19,22350.0
08-06-20,22850.0
08-06-23,22600.0
08-06-24,22800.0
08-06-25,23000.0
08-06-26,22950.0
08-06-27,22600.0
08-06-30,22900.0
08-07-01,23000.0
08-07-02,23000.0
08-07-03,23000.0
08-07-04,22000.0
08-07-07,22100.0
08-07-08,21600.0
08-07-09,21150.0
08-07-10,21300.0
08-07-11,21600.0
08-07-14,21500.0
08-07-15,21150.0
08-07-16,22100.0
08-07-17,22200.0
08-07-18,22400.0
08-07-21,22000.0
08-07-22,22150.0
08-07-23,22200.0
08-07-24,22850.0
08-07-25,22800.0
08-07-28,23700.0
08-07-29,23700.0
08-07-30,23700.0
08-07-31,24100.0
08-08-01,24050.0
08-08-04,24200.0
08-08-05,24350.0
08-08-06,24200.0
08-08-07,24250.0
08-08-08,23900.0
08-08-11,24000.0
08-08-12,23600.0
08-08-13,23450.0
08-08-14,23500.0
08-08-18,24100.0
08-08-19,23700.0
08-08-20,20900.0
08-08-21,20400.0
08-08-22,20450.0
08-08-25,20500.0
08-08-26,20500.0
08-08-27,19000.0
08-08-28,17800.0
08-08-29,19200.0
08-09-01,18750.0
08-09-02,15950.0
08-09-03,13600.0
08-09-04,14300.0
08-09-05,13900.0
08-09-08,14700.0
08-09-09,15000.0
08-09-10,14950.0
08-09-11,14600.0
08-09-12,14800.0
08-09-16,14050.0
08-09-17,14200.0
08-09-18,14000.0
08-09-19,14800.0
08-09-22,14350.0
08-09-23,14450.0
08-09-24,14850.0
08-09-25,15300.0
08-09-26,14950.0
08-09-29,14450.0
08-09-30,14450.0
08-10-01,14300.0
08-10-02,14450.0
08-10-06,13550.0
08-10-07,13750.0
08-10-08,12100.0
08-10-09,11500.0
08-10-10,11500.0
08-10-13,12650.0
08-10-14,12850.0
08-10-15,13250.0
08-10-16,11900.0
08-10-17,11550.0
08-10-20,11900.0
08-10-21,11350.0
08-10-22,10450.0
08-10-23,9930.0
08-10-24,9570.0
08-10-27,10650.0
08-10-28,11200.0
08-10-29,11500.0
08-10-30,13000.0
08-10-31,13000.0
08-11-03,13600.0
08-11-04,13300.0
08-11-05,13600.0
08-11-06,13200.0
08-11-07,13400.0
08-11-10,14350.0
08-11-11,14000.0
08-11-12,14050.0
08-11-13,14250.0
08-11-14,14100.0
08-11-17,13800.0
08-11-18,11750.0
08-11-19,11000.0
08-11-20,11150.0
08-11-21,11200.0
08-11-24,10750.0
08-11-25,10900.0
08-11-26,11400.0
08-11-27,11500.0
08-11-28,12000.0
08-12-01,11750.0
08-12-02,11800.0
08-12-03,11900.0
08-12-04,12300.0
08-12-05,12150.0
08-12-08,13950.0
08-12-09,13800.0
08-12-10,13800.0
08-12-11,14000.0
08-12-12,13950.0
08-12-15,13950.0
08-12-16,13450.0
08-12-17,14100.0
08-12-18,14150.0
08-12-19,14100.0
08-12-22,14100.0
08-12-23,14100.0
08-12-24,14400.0
08-12-26,14200.0
08-12-29,13500.0
08-12-30,13650.0
09-01-02,13650.0
09-01-05,13450.0
09-01-06,13550.0
09-01-07,13400.0
09-01-08,12850.0
09-01-09,13000.0
09-01-12,12850.0
09-01-13,12750.0
09-01-14,12850.0
09-01-15,12250.0
09-01-16,12150.0
09-01-19,12500.0
09-01-20,12700.0
09-01-21,12500.0
09-01-22,12700.0
09-01-23,12500.0
09-01-28,12900.0
09-01-29,13000.0
09-01-30,12800.0
09-02-02,12650.0
09-02-03,12750.0
09-02-04,13100.0
09-02-05,12800.0
09-02-06,12850.0
09-02-09,13100.0
09-02-10,13250.0
09-02-11,12900.0
09-02-12,13200.0
09-02-13,13000.0
09-02-16,12900.0
09-02-17,12300.0
09-02-18,12000.0
09-02-19,12000.0
09-02-20,11600.0
09-02-23,11450.0
09-02-24,11400.0
09-02-25,11300.0
09-02-26,11500.0
09-02-27,12450.0
09-03-02,11750.0
09-03-03,12000.0
09-03-04,12300.0
09-03-05,12600.0
09-03-06,12800.0
09-03-09,12750.0
09-03-10,13000.0
09-03-11,13100.0
09-03-12,13350.0
09-03-13,13200.0
09-03-16,13550.0
09-03-17,13600.0
09-03-18,13600.0
09-03-19,13300.0
09-03-20,13250.0
09-03-23,13550.0
09-03-24,13600.0
09-03-25,13550.0
09-03-26,13900.0
09-03-27,13700.0
09-03-30,13350.0
09-03-31,13750.0
09-04-01,14200.0
09-04-02,14950.0
09-04-03,14650.0
09-04-06,14400.0
09-04-07,14300.0
09-04-08,13750.0
09-04-09,14000.0
09-04-10,13950.0
09-04-13,14050.0
09-04-14,14800.0
09-04-15,14550.0
09-04-16,14550.0
09-04-17,13950.0
09-04-20,13750.0
09-04-21,14050.0
09-04-22,13950.0
09-04-23,13750.0
09-04-24,13600.0
09-04-27,14000.0
09-04-28,14200.0
09-04-29,15150.0
09-04-30,15600.0
09-05-04,15000.0
09-05-06,15300.0
09-05-07,15500.0
09-05-08,15300.0
09-05-11,15200.0
09-05-12,15200.0
09-05-13,15850.0
09-05-14,15250.0
09-05-15,15950.0
09-05-18,16600.0
09-05-19,16800.0
09-05-20,17250.0
09-05-21,17600.0
09-05-22,16850.0
09-05-25,16550.0
09-05-26,16000.0
09-05-27,16400.0
09-05-28,17150.0
09-05-29,16300.0
09-06-01,16550.0
09-06-02,16200.0
09-06-03,15750.0
09-06-04,15500.0
09-06-05,15400.0
09-06-08,15750.0
09-06-09,15900.0
09-06-10,16500.0
09-06-11,17000.0
09-06-12,17300.0
09-06-15,17250.0
09-06-16,17000.0
09-06-17,16600.0
09-06-18,16750.0
09-06-19,16600.0
09-06-22,16400.0
09-06-23,16450.0
09-06-24,16350.0
09-06-25,16650.0
09-06-26,16100.0
09-06-29,15800.0
09-06-30,16300.0
09-07-01,16600.0
09-07-02,16000.0
09-07-03,15950.0
09-07-06,15650.0
09-07-07,15500.0
09-07-08,15600.0
09-07-09,15400.0
09-07-10,15800.0
09-07-13,15350.0
09-07-14,15500.0
09-07-15,15700.0
09-07-16,16200.0
09-07-17,16000.0
09-07-20,16150.0
09-07-21,16150.0
09-07-22,15900.0
09-07-23,16450.0
09-07-24,16050.0
09-07-27,15950.0
09-07-28,15800.0
09-07-29,16000.0
09-07-30,16200.0
09-07-31,16300.0
09-08-03,16350.0
09-08-04,15850.0
09-08-05,15950.0
09-08-06,15650.0
09-08-07,15400.0
09-08-10,15450.0
09-08-11,15550.0
09-08-12,15450.0
09-08-13,15500.0
09-08-14,15600.0
09-08-17,15400.0
09-08-18,15500.0
09-08-19,15400.0
09-08-20,15400.0
09-08-21,15900.0
09-08-24,15850.0
09-08-25,15700.0
09-08-26,15850.0
09-08-27,15850.0
09-08-28,16400.0
09-08-31,16500.0
09-09-01,16700.0
09-09-02,16550.0
09-09-03,16750.0
09-09-04,16800.0
09-09-07,16400.0
09-09-08,16200.0
09-09-09,16100.0
09-09-10,16450.0
09-09-11,16750.0
09-09-14,16750.0
09-09-15,16400.0
09-09-16,16550.0
09-09-17,17200.0
09-09-18,17500.0
09-09-21,17300.0
09-09-22,17450.0
09-09-23,16950.0
09-09-24,17050.0
09-09-25,17250.0
09-09-28,17300.0
09-09-29,17500.0
09-09-30,17400.0
09-10-01,17350.0
09-10-05,17200.0
09-10-06,17700.0
09-10-07,17900.0
09-10-08,17650.0
09-10-09,17350.0
09-10-12,17700.0
09-10-13,17200.0
09-10-14,17200.0
09-10-15,17150.0
09-10-16,17000.0
09-10-19,17250.0
09-10-20,17500.0
09-10-21,17100.0
09-10-22,17000.0
09-10-23,17100.0
09-10-26,16950.0
09-10-27,16900.0
09-10-28,16600.0
09-10-29,16050.0
09-10-30,16000.0
09-11-02,16300.0
09-11-03,16250.0
09-11-04,16400.0
09-11-05,16400.0
09-11-06,16600.0
09-11-09,16700.0
09-11-10,16650.0
09-11-11,16150.0
09-11-12,16000.0
09-11-13,16200.0
09-11-16,16050.0
09-11-17,16000.0
09-11-18,16050.0
09-11-19,16050.0
09-11-20,16150.0
09-11-23,16400.0
09-11-24,16300.0
09-11-25,16250.0
09-11-26,16250.0
09-11-27,15750.0
09-11-30,16300.0
09-12-01,16150.0
09-12-02,16300.0
09-12-03,16400.0
09-12-04,16700.0
09-12-07,16750.0
09-12-08,16750.0
09-12-09,16750.0
09-12-10,17450.0
09-12-11,17050.0
09-12-14,17100.0
09-12-15,16950.0
09-12-16,17100.0
09-12-17,17050.0
09-12-18,16900.0
09-12-21,16900.0
09-12-22,17100.0
09-12-23,17050.0
09-12-24,17500.0
09-12-28,17350.0
09-12-29,16400.0
09-12-30,16500.0
10-01-04,16200.0
10-01-05,16000.0
10-01-06,16150.0
10-01-07,16250.0
10-01-08,16250.0
10-01-11,16050.0
10-01-12,15950.0
10-01-13,15900.0
10-01-14,16050.0
10-01-15,15900.0
10-01-18,16000.0
10-01-19,16500.0
10-01-20,16450.0
10-01-21,16500.0
10-01-22,16350.0
10-01-25,16400.0
10-01-26,15600.0
10-01-27,15700.0
10-01-28,15450.0
10-01-29,15850.0
10-02-01,15750.0
10-02-02,15650.0
10-02-03,16050.0
10-02-04,15500.0
10-02-05,15150.0
10-02-08,15450.0
10-02-09,15650.0
10-02-10,15350.0
10-02-11,15650.0
10-02-12,15450.0
10-02-16,15300.0
10-02-17,15700.0
10-02-18,15600.0
10-02-19,15750.0
10-02-22,16400.0
10-02-23,16650.0
10-02-24,16650.0
10-02-25,16600.0
10-02-26,16500.0
10-03-02,16400.0
10-03-03,16550.0
10-03-04,16200.0
10-03-05,16600.0
10-03-08,16800.0
10-03-09,16700.0
10-03-10,16800.0
10-03-11,16600.0
10-03-12,16850.0
10-03-15,16850.0
10-03-16,16800.0
10-03-17,16950.0
10-03-18,16950.0
10-03-19,16800.0
10-03-22,16650.0
10-03-23,16850.0
10-03-24,17050.0
10-03-25,17000.0
10-03-26,16850.0
10-03-29,17000.0
10-03-30,17000.0
10-03-31,17000.0
10-04-01,16950.0
10-04-02,16700.0
10-04-05,16700.0
10-04-06,16750.0
10-04-07,17050.0
10-04-08,17250.0
10-04-09,17200.0
10-04-12,17450.0
10-04-13,17500.0
10-04-14,17550.0
10-04-15,17200.0
10-04-16,17000.0
10-04-19,16950.0
10-04-20,17350.0
10-04-21,17200.0
10-04-22,17300.0
10-04-23,17450.0
10-04-26,17350.0
10-04-27,17350.0
10-04-28,17100.0
10-04-29,17000.0
10-04-30,17250.0
10-05-03,17250.0
10-05-04,17500.0
10-05-06,17050.0
10-05-07,16700.0
10-05-10,16650.0
10-05-11,16950.0
10-05-12,17000.0
10-05-13,17050.0
10-05-14,16800.0
10-05-17,16800.0
10-05-18,17500.0
10-05-19,17400.0
10-05-20,16900.0
10-05-24,16650.0
10-05-25,16000.0
10-05-26,16600.0
10-05-27,16300.0
10-05-28,16800.0
10-05-31,17000.0
10-06-01,16950.0
10-06-03,17200.0
10-06-04,17200.0
10-06-07,17000.0
10-06-08,17000.0
10-06-09,17100.0
10-06-10,17050.0
10-06-11,17150.0
10-06-14,17600.0
10-06-15,17400.0
10-06-16,17600.0
10-06-17,18150.0
10-06-18,18500.0
10-06-21,18950.0
10-06-22,19000.0
10-06-23,19150.0
10-06-24,19100.0
10-06-25,18650.0
10-06-28,18650.0
10-06-29,18850.0
10-06-30,18500.0
10-07-01,18450.0
10-07-02,18400.0
10-07-05,18550.0
10-07-06,18300.0
10-07-07,17800.0
10-07-08,18150.0
10-07-09,18550.0
10-07-12,18700.0
10-07-13,18850.0
10-07-14,19450.0
10-07-15,19400.0
10-07-16,19300.0
10-07-19,19300.0
10-07-20,19300.0
10-07-21,19500.0
10-07-22,19600.0
10-07-23,19450.0
10-07-26,19250.0
10-07-27,19200.0
10-07-28,19150.0
10-07-29,19450.0
10-07-30,19800.0
10-08-02,19950.0
10-08-03,20700.0
10-08-04,21000.0
10-08-05,21450.0
10-08-06,21200.0
10-08-09,21400.0
10-08-10,21100.0
10-08-11,21150.0
10-08-12,21100.0
10-08-13,21200.0
10-08-16,21150.0
10-08-17,21200.0
10-08-18,21150.0
10-08-19,21600.0
10-08-20,21950.0
10-08-23,21850.0
10-08-24,22300.0
10-08-25,21800.0
10-08-26,21900.0
10-08-27,22200.0
10-08-30,22200.0
10-08-31,21950.0
10-09-01,22200.0
10-09-02,21950.0
10-09-03,22000.0
10-09-06,22000.0
10-09-07,22000.0
10-09-08,22200.0
10-09-09,22900.0
10-09-10,22950.0
10-09-13,23800.0
10-09-14,24000.0
10-09-15,24200.0
10-09-16,24150.0
10-09-17,23200.0
10-09-20,23050.0
10-09-24,23700.0
10-09-27,24450.0
10-09-28,24200.0
10-09-29,25200.0
10-09-30,24800.0
10-10-01,24650.0
10-10-04,23800.0
10-10-05,25150.0
10-10-06,25550.0
10-10-07,25600.0
10-10-08,25750.0
10-10-11,25650.0
10-10-12,25450.0
10-10-13,25050.0
10-10-14,25900.0
10-10-15,26650.0
10-10-18,25400.0
10-10-19,25000.0
10-10-20,25450.0
10-10-21,25400.0
10-10-22,25600.0
10-10-25,25550.0
10-10-26,25600.0
10-10-27,25200.0
10-10-28,26900.0
10-10-29,26450.0
10-11-01,28250.0
10-11-02,28150.0
10-11-03,27800.0
10-11-04,27850.0
10-11-05,27000.0
10-11-08,26400.0
10-11-09,26850.0
10-11-10,27200.0
10-11-11,26500.0
10-11-12,26800.0
10-11-15,26450.0
10-11-16,27000.0
10-11-17,26900.0
10-11-18,26200.0
10-11-19,26350.0
10-11-22,26250.0
10-11-23,25550.0
10-11-24,25050.0
10-11-25,24700.0
10-11-26,25400.0
10-11-29,25300.0
10-11-30,26050.0
10-12-01,26600.0
10-12-02,26850.0
10-12-03,27400.0
10-12-06,27600.0
10-12-07,28350.0
10-12-08,28150.0
10-12-09,29300.0
10-12-10,28950.0
10-12-13,29500.0
10-12-14,29700.0
10-12-15,31000.0
10-12-16,29650.0
10-12-17,30050.0
10-12-20,29800.0
10-12-21,30850.0
10-12-22,30700.0
10-12-23,30950.0
10-12-24,30850.0
10-12-27,30150.0
10-12-28,30200.0
10-12-29,28500.0
10-12-30,27950.0
11-01-03,28400.0
11-01-04,29200.0
11-01-05,29450.0
11-01-06,30300.0
11-01-07,30000.0
11-01-10,29800.0
11-01-11,30000.0
11-01-12,28950.0
11-01-13,28400.0
11-01-14,29200.0
11-01-17,28750.0
11-01-18,28050.0
11-01-19,27900.0
11-01-20,27100.0
11-01-21,26350.0
11-01-24,26300.0
11-01-25,26750.0
11-01-26,26200.0
11-01-27,27400.0
11-01-28,26750.0
11-01-31,25950.0
11-02-01,26750.0
11-02-07,27000.0
11-02-08,25850.0
11-02-09,24800.0
11-02-10,23800.0
11-02-11,23450.0
11-02-14,24500.0
11-02-15,24150.0
11-02-16,24400.0
11-02-17,24150.0
11-02-18,24200.0
11-02-21,25000.0
11-02-22,24800.0
11-02-23,24950.0
11-02-24,24450.0
11-02-25,25000.0
11-02-28,25050.0
11-03-02,24900.0
11-03-03,26100.0
11-03-04,26450.0
11-03-07,26000.0
11-03-08,25850.0
11-03-09,25900.0
11-03-10,26000.0
11-03-11,26000.0
11-03-14,26000.0
11-03-15,25200.0
11-03-16,26200.0
11-03-17,25500.0
11-03-18,26050.0
11-03-21,26050.0
11-03-22,26250.0
11-03-23,25900.0
11-03-24,25300.0
11-03-25,25050.0
11-03-28,25600.0
11-03-29,25450.0
11-03-30,25400.0
11-03-31,25450.0
11-04-01,25350.0
11-04-04,25350.0
11-04-05,25950.0
11-04-06,26000.0
11-04-07,25250.0
11-04-08,25350.0
11-04-11,25350.0
11-04-12,25650.0
11-04-13,25500.0
11-04-14,25000.0
11-04-15,24250.0
11-04-18,24350.0
11-04-19,23850.0
11-04-20,24350.0
11-04-21,25100.0
11-04-22,24850.0
11-04-25,24400.0
11-04-26,24100.0
11-04-27,24050.0
11-04-28,23600.0
11-04-29,24350.0
11-05-02,24850.0
11-05-03,25800.0
11-05-04,25800.0
11-05-06,25750.0
11-05-09,25000.0
11-05-11,25400.0
11-05-12,24600.0
11-05-13,24550.0
11-05-16,25500.0
11-05-17,25200.0
11-05-18,25750.0
11-05-19,25750.0
11-05-20,27350.0
11-05-23,26150.0
11-05-24,26500.0
11-05-25,26050.0
11-05-26,26050.0
11-05-27,26200.0
11-05-30,26050.0
11-05-31,26100.0
11-06-01,26900.0
11-06-02,26500.0
11-06-03,27400.0
11-06-07,27700.0
11-06-08,27050.0
11-06-09,26500.0
11-06-10,27000.0
11-06-13,27500.0
11-06-14,27500.0
11-06-15,27500.0
11-06-16,27400.0
11-06-17,27400.0
11-06-20,27950.0
11-06-21,28000.0
11-06-22,28500.0
11-06-23,27450.0
11-06-24,28050.0
11-06-27,28150.0
11-06-28,27500.0
11-06-29,29400.0
11-06-30,28600.0
11-07-01,28800.0
11-07-04,29250.0
11-07-05,28300.0
11-07-06,29100.0
11-07-07,28500.0
11-07-08,29800.0
11-07-11,30700.0
11-07-12,29450.0
11-07-13,30650.0
11-07-14,30450.0
11-07-15,30300.0
11-07-18,30150.0
11-07-19,30200.0
11-07-20,30800.0
11-07-21,30850.0
11-07-22,30750.0
11-07-25,30450.0
11-07-26,30100.0
11-07-27,30350.0
11-07-28,30150.0
11-07-29,29950.0
11-08-01,30250.0
11-08-02,29700.0
11-08-03,28300.0
11-08-04,29300.0
11-08-05,27850.0
11-08-08,27000.0
11-08-09,25000.0
11-08-10,24950.0
11-08-11,25000.0
11-08-12,26600.0
11-08-16,27500.0
11-08-17,28650.0
11-08-18,29100.0
11-08-19,29450.0
11-08-22,29000.0
11-08-23,27450.0
11-08-24,27450.0
11-08-25,26050.0
11-08-26,26500.0
11-08-29,27350.0
11-08-30,27350.0
11-08-31,27900.0
11-09-01,26800.0
11-09-02,27250.0
11-09-05,27600.0
11-09-06,27850.0
11-09-07,29900.0
11-09-08,30000.0
11-09-09,28850.0
11-09-14,27650.0
11-09-15,28050.0
11-09-16,28600.0
11-09-19,28000.0
11-09-20,28200.0
11-09-21,28250.0
11-09-22,27800.0
11-09-23,26650.0
11-09-26,27000.0
11-09-27,27900.0
11-09-28,27050.0
11-09-29,27200.0
11-09-30,27300.0
11-10-04,26800.0
11-10-05,26700.0
11-10-06,26900.0
11-10-07,26300.0
11-10-10,26950.0
11-10-11,26800.0
11-10-12,26400.0
11-10-13,26450.0
11-10-14,26450.0
11-10-17,26700.0
11-10-18,26900.0
11-10-19,27900.0
11-10-20,28450.0
11-10-21,28750.0
11-10-24,28850.0
11-10-25,27950.0
11-10-26,29000.0
11-10-27,28700.0
11-10-28,28900.0
11-10-31,29800.0
11-11-01,28900.0
11-11-02,28700.0
11-11-03,29500.0
11-11-04,30050.0
11-11-07,30050.0
11-11-08,30450.0
11-11-09,30550.0
11-11-10,29450.0
11-11-11,29750.0
11-11-14,29600.0
11-11-15,29900.0
11-11-16,29500.0
11-11-17,29550.0
11-11-18,28100.0
11-11-21,27150.0
11-11-22,27800.0
11-11-23,27500.0
11-11-24,27550.0
11-11-25,27550.0
11-11-28,27100.0
11-11-29,27650.0
11-11-30,27650.0
11-12-01,28300.0
11-12-02,28200.0
11-12-05,27900.0
11-12-06,28000.0
11-12-07,28050.0
11-12-08,28400.0
11-12-09,28000.0
11-12-12,28950.0
11-12-13,28550.0
11-12-14,29250.0
11-12-15,28500.0
11-12-16,28200.0
11-12-19,27100.0
11-12-20,27850.0
11-12-21,27900.0
11-12-22,27900.0
11-12-23,28150.0
11-12-26,28350.0
11-12-27,28300.0
11-12-28,27200.0
11-12-29,27200.0
12-01-02,28100.0
12-01-03,28400.0
12-01-04,27900.0
12-01-05,27250.0
12-01-06,26700.0
12-01-09,25900.0
12-01-10,25900.0
12-01-11,25350.0
12-01-12,25800.0
12-01-13,26450.0
12-01-16,26400.0
12-01-17,26600.0
12-01-18,25900.0
12-01-19,25900.0
12-01-20,26300.0
12-01-25,26150.0
12-01-26,26450.0
12-01-27,26250.0
12-01-30,26200.0
12-01-31,26350.0
12-02-01,26650.0
12-02-02,26700.0
12-02-03,26850.0
12-02-06,27500.0
12-02-07,28450.0
12-02-08,27700.0
12-02-09,27400.0
12-02-10,26750.0
12-02-13,27400.0
12-02-14,27600.0
12-02-15,27350.0
12-02-16,27600.0
12-02-17,27550.0
12-02-20,27400.0
12-02-21,27150.0
12-02-22,27000.0
12-02-23,27100.0
12-02-24,26600.0
12-02-27,26200.0
12-02-28,26100.0
12-02-29,25800.0
12-03-02,25500.0
12-03-05,25350.0
12-03-06,24450.0
12-03-07,25100.0
12-03-08,24650.0
12-03-09,24400.0
12-03-12,25000.0
12-03-13,25300.0
12-03-14,25050.0
12-03-15,25050.0
12-03-16,24750.0
12-03-19,25400.0
12-03-20,25300.0
12-03-21,24800.0
12-03-22,24600.0
12-03-23,24900.0
12-03-26,24800.0
12-03-27,25400.0
12-03-28,25500.0
12-03-29,24800.0
12-03-30,25150.0
12-04-02,24900.0
12-04-03,24400.0
12-04-04,24650.0
12-04-05,24650.0
12-04-06,24550.0
12-04-09,24100.0
12-04-10,24350.0
12-04-12,24100.0
12-04-13,24450.0
12-04-16,23700.0
12-04-17,23800.0
12-04-18,24250.0
12-04-19,24250.0
12-04-20,24750.0
12-04-23,24750.0
12-04-24,23900.0
12-04-25,24200.0
12-04-26,24250.0
12-04-27,24200.0
12-04-30,24250.0
12-05-02,24900.0
12-05-03,25100.0
12-05-04,25900.0
12-05-07,25000.0
12-05-08,25000.0
12-05-09,25000.0
12-05-10,24200.0
12-05-11,24500.0
12-05-14,24900.0
12-05-15,25850.0
12-05-16,25600.0
12-05-17,24450.0
12-05-18,25000.0
12-05-21,24950.0
12-05-22,24350.0
12-05-23,24550.0
12-05-24,24350.0
12-05-25,25000.0
12-05-29,25000.0
12-05-30,24600.0
12-05-31,25200.0
12-06-01,25400.0
12-06-04,25450.0
12-06-05,25600.0
12-06-07,25500.0
12-06-08,24750.0
12-06-11,24550.0
12-06-12,24600.0
12-06-13,24500.0
12-06-14,24750.0
12-06-15,24000.0
12-06-18,24200.0
12-06-19,24350.0
12-06-20,24400.0
12-06-21,24600.0
12-06-22,24050.0
12-06-25,24250.0
12-06-26,24000.0
12-06-27,24650.0
12-06-28,24150.0
12-06-29,24350.0
12-07-02,24300.0
12-07-03,24700.0
12-07-04,24550.0
12-07-05,24450.0
12-07-06,24450.0
12-07-09,24700.0
12-07-10,24600.0
12-07-11,24450.0
12-07-12,24250.0
12-07-13,24350.0
12-07-16,24650.0
12-07-17,24300.0
12-07-18,24100.0
12-07-19,23900.0
12-07-20,23200.0
12-07-23,22850.0
12-07-24,22850.0
12-07-25,23150.0
12-07-26,22550.0
12-07-27,22950.0
12-07-30,22700.0
12-07-31,23300.0
12-08-01,22950.0
12-08-02,22850.0
12-08-03,22600.0
12-08-06,22750.0
12-08-07,22400.0
12-08-08,22750.0
12-08-09,23600.0
12-08-10,23250.0
12-08-13,22800.0
12-08-14,23300.0
12-08-16,23550.0
12-08-17,23800.0
12-08-20,24000.0
12-08-21,23750.0
12-08-22,23650.0
12-08-23,23700.0
12-08-24,23250.0
12-08-27,23900.0
12-08-28,23450.0
12-08-29,23600.0
12-08-30,23000.0
12-08-31,23200.0
12-09-03,23150.0
12-09-04,23050.0
12-09-05,22600.0
12-09-06,22750.0
12-09-07,23050.0
12-09-10,23150.0
12-09-11,23150.0
12-09-12,23250.0
12-09-13,23000.0
12-09-14,23150.0
12-09-17,23150.0
12-09-18,23450.0
12-09-19,23650.0
12-09-20,23800.0
12-09-21,24000.0
12-09-24,23750.0
12-09-25,23650.0
12-09-26,24800.0
12-09-27,24700.0
12-09-28,25000.0
12-10-02,25000.0
12-10-04,24500.0
12-10-05,25000.0
12-10-08,25650.0
12-10-09,25250.0
12-10-10,24350.0
12-10-11,24250.0
12-10-12,25350.0
12-10-15,25450.0
12-10-16,25500.0
12-10-17,25100.0
12-10-18,25750.0
12-10-19,25350.0
12-10-22,25250.0
12-10-23,25200.0
12-10-24,25500.0
12-10-25,25050.0
12-10-26,24750.0
12-10-29,24900.0
12-10-30,25350.0
12-10-31,25400.0
12-11-01,25750.0
12-11-02,26000.0
12-11-05,26800.0
12-11-06,26850.0
12-11-07,26900.0
12-11-08,26650.0
12-11-09,26650.0
12-11-12,27000.0
12-11-13,27350.0
12-11-14,27400.0
12-11-15,26500.0
12-11-16,26400.0
12-11-19,27750.0
12-11-20,28100.0
12-11-21,28050.0
12-11-22,27800.0
12-11-23,27800.0
12-11-26,31500.0
12-11-27,30100.0
12-11-28,30500.0
12-11-29,30600.0
12-11-30,30950.0
12-12-03,30400.0
12-12-04,30700.0
12-12-05,29550.0
12-12-06,29500.0
12-12-07,29800.0
12-12-10,29900.0
12-12-11,29750.0
12-12-12,30100.0
12-12-13,30000.0
12-12-14,29600.0
12-12-17,29600.0
12-12-18,30000.0
12-12-20,30400.0
12-12-21,30550.0
12-12-24,30300.0
12-12-26,29900.0
12-12-27,29650.0
12-12-28,29250.0
13-01-02,28650.0
13-01-03,30050.0
13-01-04,29600.0
13-01-07,29750.0
13-01-08,29550.0
13-01-09,30100.0
13-01-10,29700.0
13-01-11,30000.0
13-01-14,30000.0
13-01-15,30050.0
13-01-16,29600.0
13-01-17,30300.0
13-01-18,30350.0
13-01-21,30000.0
13-01-22,30150.0
13-01-23,29700.0
13-01-24,30500.0
13-01-25,31300.0
13-01-28,30550.0
13-01-29,30250.0
13-01-30,30300.0
13-01-31,31250.0
13-02-01,30950.0
13-02-04,31600.0
13-02-05,32750.0
13-02-06,32700.0
13-02-07,32150.0
13-02-08,32850.0
13-02-12,31950.0
13-02-13,32300.0
13-02-14,32100.0
13-02-15,31900.0
13-02-18,32000.0
13-02-19,31300.0
13-02-20,31600.0
13-02-21,31250.0
13-02-22,31900.0
13-02-25,31550.0
13-02-26,31500.0
13-02-27,31500.0
13-02-28,32850.0
13-03-04,33550.0
13-03-05,33550.0
13-03-06,32500.0
13-03-07,32800.0
13-03-08,32100.0
13-03-11,31950.0
13-03-12,31250.0
13-03-13,31200.0
13-03-14,31650.0
13-03-15,31350.0
13-03-18,32450.0
13-03-19,31500.0
13-03-20,31200.0
13-03-21,30950.0
13-03-22,31100.0
13-03-25,30750.0
13-03-26,30900.0
13-03-27,30950.0
13-03-28,30750.0
13-03-29,31400.0
13-04-01,30400.0
13-04-02,31600.0
13-04-03,30900.0
13-04-04,30650.0
13-04-05,29700.0
13-04-08,29200.0
13-04-09,29400.0
13-04-10,28400.0
13-04-11,28850.0
13-04-12,28800.0
13-04-15,29200.0
13-04-16,29150.0
13-04-17,30500.0
13-04-18,30700.0
13-04-19,30950.0
13-04-22,30850.0
13-04-23,31200.0
13-04-24,30400.0
13-04-25,31050.0
13-04-26,30800.0
13-04-29,31000.0
13-04-30,31150.0
13-05-02,30750.0
13-05-03,30500.0
13-05-06,30550.0
13-05-07,31100.0
13-05-08,31200.0
13-05-09,32600.0
13-05-10,31650.0
13-05-13,32750.0
13-05-14,32750.0
13-05-15,31800.0
13-05-16,33600.0
13-05-20,33500.0
13-05-21,33500.0
13-05-22,32600.0
13-05-23,33350.0
13-05-24,33500.0
13-05-27,33350.0
13-05-28,35200.0
13-05-29,34800.0
13-05-30,34900.0
13-05-31,34750.0
13-06-03,34500.0
13-06-04,33750.0
13-06-05,34000.0
13-06-07,33650.0
13-06-10,34050.0
13-06-11,33300.0
13-06-12,33950.0
13-06-13,32900.0
13-06-14,33350.0
13-06-17,32650.0
13-06-18,32650.0
13-06-19,32350.0
13-06-20,31550.0
13-06-21,31100.0
13-06-24,30100.0
13-06-25,29950.0
13-06-26,30550.0
13-06-27,31000.0
13-06-28,31600.0
13-07-01,31250.0
13-07-02,31350.0
13-07-03,30200.0
13-07-04,31150.0
13-07-05,30650.0
13-07-08,31000.0
13-07-09,30850.0
13-07-10,31800.0
13-07-11,31750.0
13-07-12,31750.0
13-07-15,29200.0
13-07-16,28550.0
13-07-17,29200.0
13-07-18,28900.0
13-07-19,29100.0
13-07-22,28550.0
13-07-23,28750.0
13-07-24,28400.0
13-07-25,28550.0
13-07-26,28750.0
13-07-29,28200.0
13-07-30,28350.0
13-07-31,28600.0
13-08-01,28450.0
13-08-02,28550.0
13-08-05,28400.0
13-08-06,28100.0
13-08-07,28100.0
13-08-08,28150.0
13-08-09,28300.0
13-08-12,28150.0
13-08-13,28250.0
13-08-14,27700.0
13-08-16,27550.0
13-08-19,27950.0
13-08-20,27150.0
13-08-21,26200.0
13-08-22,26100.0
13-08-23,26450.0
13-08-26,26900.0
13-08-27,26550.0
13-08-28,26650.0
13-08-29,26950.0
13-08-30,27700.0
13-09-02,28100.0
13-09-03,28100.0
13-09-04,28050.0
13-09-05,28000.0
13-09-06,28200.0
13-09-09,28300.0
13-09-10,28550.0
13-09-11,28700.0
13-09-12,29250.0
13-09-13,29000.0
13-09-16,29100.0
13-09-17,29400.0
13-09-23,29100.0
13-09-24,28350.0
13-09-25,28600.0
13-09-26,28650.0
13-09-27,28500.0
13-09-30,28500.0
13-10-01,28150.0
13-10-02,28100.0
13-10-04,28350.0
13-10-07,28000.0
13-10-08,28200.0
13-10-10,28000.0
13-10-11,28650.0
13-10-14,28200.0
13-10-15,29300.0
13-10-16,29200.0
13-10-17,29500.0
13-10-18,29550.0
13-10-21,29750.0
13-10-22,29850.0
13-10-23,29950.0
13-10-24,30100.0
13-10-25,30200.0
13-10-28,29700.0
13-10-29,29800.0
13-10-30,29550.0
13-10-31,29150.0
13-11-01,30350.0
13-11-04,30800.0
13-11-05,32500.0
13-11-06,32250.0
13-11-07,32000.0
13-11-08,31050.0
13-11-11,32300.0
13-11-12,32100.0
13-11-13,32200.0
13-11-14,32150.0
13-11-15,32500.0
13-11-18,31750.0
13-11-19,32900.0
13-11-20,32700.0
13-11-21,32200.0
13-11-22,32700.0
13-11-25,31700.0
13-11-26,32000.0
13-11-27,32500.0
13-11-28,32500.0
13-11-29,33200.0
13-12-02,33000.0
13-12-03,32250.0
13-12-04,31900.0
13-12-05,31650.0
13-12-06,31300.0
13-12-09,32000.0
13-12-10,31500.0
13-12-11,31000.0
13-12-12,30900.0
13-12-13,31350.0
13-12-16,31450.0
13-12-17,31400.0
13-12-18,31650.0
13-12-19,31450.0
13-12-20,31050.0
13-12-23,31400.0
13-12-24,31300.0
13-12-26,31350.0
13-12-27,30950.0
13-12-30,30950.0
14-01-02,30850.0
14-01-03,30600.0
14-01-06,33150.0
14-01-07,32350.0
14-01-08,33450.0
14-01-09,32700.0
14-01-10,33200.0
14-01-13,33050.0
14-01-14,32550.0
14-01-15,33000.0
14-01-16,33400.0
14-01-17,33600.0
14-01-20,33750.0
14-01-21,33700.0
14-01-22,33200.0
14-01-23,34000.0
14-01-24,34300.0
14-01-27,33600.0
14-01-28,34350.0
14-01-29,33850.0
14-02-03,33750.0
14-02-04,32350.0
14-02-05,33000.0
14-02-06,33500.0
14-02-07,33450.0
14-02-10,32500.0
14-02-11,32450.0
14-02-12,32900.0
14-02-13,32350.0
14-02-14,32800.0
14-02-17,32500.0
14-02-18,32000.0
14-02-19,31400.0
14-02-20,31550.0
14-02-21,32250.0
14-02-24,31250.0
14-02-25,31600.0
14-02-26,31900.0
14-02-27,31350.0
14-02-28,31900.0
14-03-03,31100.0
14-03-04,31050.0
14-03-05,30700.0
14-03-06,31350.0
14-03-07,31100.0
14-03-10,30250.0
14-03-11,31950.0
14-03-12,31750.0
14-03-13,32150.0
14-03-14,31300.0
14-03-17,30900.0
14-03-18,31150.0
14-03-19,30850.0
14-03-20,31000.0
14-03-21,30450.0
14-03-24,30900.0
14-03-25,30950.0
14-03-26,31200.0
14-03-27,32000.0
14-03-28,32000.0
14-03-31,31000.0
14-04-01,30850.0
14-04-02,30700.0
14-04-03,30600.0
14-04-04,30700.0
14-04-07,30650.0
14-04-08,31000.0
14-04-09,31200.0
14-04-10,31050.0
14-04-11,31150.0
14-04-14,31150.0
14-04-15,31500.0
14-04-16,30850.0
14-04-17,30700.0
14-04-18,30700.0
14-04-21,30750.0
14-04-22,30650.0
14-04-23,30100.0
14-04-24,29550.0
14-04-25,29400.0
14-04-28,28800.0
14-04-29,29000.0
14-04-30,29850.0
14-05-02,28900.0
14-05-07,28800.0
14-05-08,28700.0
14-05-09,29350.0
14-05-12,28650.0
14-05-13,28700.0
14-05-14,29650.0
14-05-15,30250.0
14-05-16,30250.0
14-05-19,30050.0
14-05-20,29400.0
14-05-21,29700.0
14-05-22,29650.0
14-05-23,30200.0
14-05-26,30500.0
14-05-27,30250.0
14-05-28,30600.0
14-05-29,29950.0
14-05-30,30450.0
14-06-02,30150.0
14-06-03,29650.0
14-06-05,29100.0
14-06-09,29500.0
14-06-10,29650.0
14-06-11,29600.0
14-06-12,29400.0
14-06-13,28950.0
14-06-16,28100.0
14-06-17,28950.0
14-06-18,28950.0
14-06-19,28950.0
14-06-20,28600.0
14-06-23,29000.0
14-06-24,29000.0
14-06-25,28850.0
14-06-26,29250.0
14-06-27,29700.0
14-06-30,29700.0
14-07-01,29300.0
14-07-02,29450.0
14-07-03,29350.0
14-07-04,29700.0
14-07-07,31050.0
14-07-08,31200.0
14-07-09,32350.0
14-07-10,32850.0
14-07-11,33300.0
14-07-14,33050.0
14-07-15,33000.0
14-07-16,33050.0
14-07-17,32500.0
14-07-18,32700.0
14-07-21,33050.0
14-07-22,34450.0
14-07-23,33900.0
14-07-24,33350.0
14-07-25,33100.0
14-07-28,34200.0
14-07-29,33950.0
14-07-30,34500.0
14-07-31,34300.0
14-08-01,34300.0
14-08-04,33900.0
14-08-05,33700.0
14-08-06,34000.0
14-08-07,33950.0
14-08-08,33700.0
14-08-11,34600.0
14-08-12,34900.0
14-08-13,34850.0
14-08-14,34850.0
14-08-18,34650.0
14-08-19,35500.0
14-08-20,34500.0
14-08-21,34150.0
14-08-22,34750.0
14-08-25,34750.0
14-08-26,36300.0
14-08-27,36100.0
14-08-28,35650.0
14-08-29,36050.0
14-09-01,35400.0
14-09-02,35700.0
14-09-03,36400.0
14-09-04,36500.0
14-09-05,35400.0
14-09-11,35200.0
14-09-12,34550.0
14-09-15,35500.0
14-09-16,34750.0
14-09-17,35400.0
14-09-18,35200.0
14-09-19,34550.0
14-09-22,34750.0
14-09-23,33950.0
14-09-24,34800.0
14-09-25,34700.0
14-09-26,35000.0
14-09-29,35350.0
14-09-30,35850.0
14-10-01,35450.0
14-10-02,33750.0
14-10-06,34000.0
14-10-07,33600.0
14-10-08,34300.0
14-10-10,34500.0
14-10-13,33850.0
14-10-14,34650.0
14-10-15,33450.0
14-10-16,33200.0
14-10-17,33300.0
14-10-20,34000.0
14-10-21,35300.0
14-10-22,35100.0
14-10-23,35150.0
14-10-24,35000.0
14-10-27,35000.0
14-10-28,34350.0
14-10-29,35550.0
14-10-30,34650.0
14-10-31,35000.0
14-11-03,34700.0
14-11-04,34850.0
14-11-05,35200.0
14-11-06,34500.0
14-11-07,33250.0
14-11-10,34600.0
14-11-11,34650.0
14-11-12,34350.0
14-11-13,34650.0
14-11-14,34150.0
14-11-17,33600.0
14-11-18,33800.0
14-11-19,33400.0
14-11-20,33650.0
14-11-21,33300.0
14-11-24,33150.0
14-11-25,33850.0
14-11-26,33500.0
14-11-27,33200.0
14-11-28,32700.0
14-12-01,32550.0
14-12-02,32100.0
14-12-03,33050.0
14-12-04,32250.0
14-12-05,32700.0
14-12-08,32100.0
14-12-09,31950.0
14-12-10,31750.0
14-12-11,30950.0
14-12-12,31200.0
14-12-15,31300.0
14-12-16,31300.0
14-12-17,31400.0
14-12-18,31300.0
14-12-19,31050.0
14-12-22,31650.0
14-12-23,31700.0
14-12-24,32200.0
14-12-26,32700.0
14-12-29,30900.0
14-12-30,30400.0
15-01-02,30300.0
15-01-05,30100.0
15-01-06,30250.0
15-01-07,30600.0
15-01-08,30750.0
15-01-09,31550.0
15-01-12,31150.0
15-01-13,30850.0
15-01-14,30600.0
15-01-15,30850.0
15-01-16,30300.0
15-01-19,30200.0
15-01-20,31900.0
15-01-21,32300.0
15-01-22,32250.0
15-01-23,32500.0
15-01-26,32650.0
15-01-27,32900.0
15-01-28,33000.0
15-01-29,33000.0
15-01-30,32400.0
15-02-02,32600.0
15-02-03,32350.0
15-02-04,33200.0
15-02-05,33650.0
15-02-06,33600.0
15-02-09,32800.0
15-02-10,32950.0
15-02-11,32950.0
15-02-12,33200.0
15-02-13,32850.0
15-02-16,33600.0
15-02-17,33950.0
15-02-23,33300.0
15-02-24,33750.0
15-02-25,34200.0
15-02-26,33700.0
15-02-27,34000.0
15-03-02,32950.0
15-03-03,34150.0
15-03-04,34000.0
15-03-05,34100.0
15-03-06,33800.0
15-03-09,33100.0
15-03-10,33550.0
15-03-11,33050.0
15-03-12,32700.0
15-03-13,33300.0
15-03-16,33500.0
15-03-17,33500.0
15-03-18,33800.0
15-03-19,33500.0
15-03-20,34250.0
15-03-23,33600.0
15-03-24,34300.0
15-03-25,34300.0
15-03-26,34800.0
15-03-27,34200.0
15-03-30,34350.0
15-03-31,34650.0
15-04-01,34750.0
15-04-02,34600.0
15-04-03,35400.0
15-04-06,35000.0
15-04-07,35950.0
15-04-08,35450.0
15-04-09,36200.0
15-04-10,36650.0
15-04-13,36400.0
15-04-14,36350.0
15-04-15,36350.0
15-04-16,37450.0
15-04-17,37950.0
15-04-20,37750.0
15-04-21,37900.0
15-04-22,37550.0
15-04-23,37500.0
15-04-24,38200.0
15-04-27,38500.0
15-04-28,38000.0
15-04-29,37700.0
15-04-30,36650.0
15-05-04,38050.0
15-05-06,37750.0
15-05-07,37300.0
15-05-08,36800.0
15-05-11,37300.0
15-05-12,37700.0
15-05-13,37500.0
15-05-14,38250.0
15-05-15,39000.0
15-05-18,39500.0
15-05-19,40000.0
15-05-20,40000.0
15-05-21,40000.0
15-05-22,40400.0
15-05-26,41300.0
15-05-27,40300.0
15-05-28,39400.0
15-05-29,40300.0
15-06-01,39700.0
15-06-02,38550.0
15-06-03,39150.0
15-06-04,39000.0
15-06-05,39650.0
15-06-08,39300.0
15-06-09,40100.0
15-06-10,39400.0
15-06-11,37750.0
15-06-12,38150.0
15-06-15,37750.0
15-06-16,38550.0
15-06-17,37650.0
15-06-18,36450.0
15-06-19,36500.0
15-06-22,37050.0
15-06-23,37000.0
15-06-24,37500.0
15-06-25,37700.0
15-06-26,37000.0
15-06-29,37050.0
15-06-30,37000.0
15-07-01,38100.0
15-07-02,38550.0
15-07-03,38700.0
15-07-06,37500.0
15-07-07,38000.0
15-07-08,39150.0
15-07-09,38800.0
15-07-10,38650.0
15-07-13,39150.0
15-07-14,39800.0
15-07-15,41200.0
15-07-16,40550.0
15-07-17,41150.0
15-07-20,40550.0
15-07-21,40550.0
15-07-22,40600.0
15-07-23,40600.0
15-07-24,40450.0
15-07-27,39500.0
15-07-28,41600.0
15-07-29,40600.0
15-07-30,41400.0
15-07-31,42650.0
15-08-03,40250.0
15-08-04,40200.0
15-08-05,41250.0
15-08-06,42100.0
15-08-07,41650.0
15-08-10,42150.0
15-08-11,41400.0
15-08-12,43600.0
15-08-13,43550.0
15-08-17,43600.0
15-08-18,44150.0
15-08-19,45150.0
15-08-20,45250.0
15-08-21,43250.0
15-08-24,43250.0
15-08-25,40850.0
15-08-26,43200.0
15-08-27,42150.0
15-08-28,41350.0
15-08-31,42550.0
15-09-01,42550.0
15-09-02,41100.0
15-09-03,41500.0
15-09-04,40600.0
15-09-07,41400.0
15-09-08,40100.0
15-09-09,41500.0
15-09-10,42200.0
15-09-11,40600.0
15-09-14,41450.0
15-09-15,41750.0
15-09-16,41750.0
15-09-17,41550.0
15-09-18,42750.0
15-09-21,42550.0
15-09-22,43900.0
15-09-23,42600.0
15-09-24,43000.0
15-09-25,42650.0
15-09-30,42300.0
15-10-01,43050.0
15-10-02,42650.0
15-10-05,42650.0
15-10-06,42500.0
15-10-07,42050.0
15-10-08,41400.0
15-10-12,42800.0
15-10-13,43200.0
15-10-14,42500.0
15-10-15,42550.0
15-10-16,42750.0
15-10-19,43350.0
15-10-20,42700.0
15-10-21,42750.0
15-10-22,43050.0
15-10-23,44100.0
15-10-26,43550.0
15-10-27,43750.0
15-10-28,43600.0
15-10-29,42500.0
15-10-30,42300.0
15-11-02,41550.0
15-11-03,43200.0
15-11-04,43050.0
15-11-05,42900.0
15-11-06,42550.0
15-11-09,42750.0
15-11-10,42050.0
15-11-11,41200.0
15-11-12,41200.0
15-11-13,40600.0
15-11-16,39500.0
15-11-17,39700.0
15-11-18,38750.0
15-11-19,39000.0
15-11-20,37500.0
15-11-23,37800.0
15-11-24,38000.0
15-11-25,37750.0
15-11-26,38100.0
15-11-27,38200.0
15-11-30,38200.0
15-12-01,40000.0
15-12-02,39800.0
15-12-03,39500.0
15-12-04,38300.0
15-12-07,39900.0
15-12-08,39850.0
15-12-09,39550.0
15-12-10,39450.0
15-12-11,38350.0
15-12-14,38900.0
15-12-15,38300.0
15-12-16,39050.0
15-12-17,40100.0
15-12-18,39450.0
15-12-21,39800.0
15-12-22,40600.0
15-12-23,40650.0
15-12-24,40400.0
15-12-28,39200.0
15-12-29,39350.0
15-12-30,38400.0
16-01-04,38300.0
16-01-05,38800.0
16-01-06,37850.0
16-01-07,36900.0
16-01-08,39600.0
16-01-11,38200.0
16-01-12,38650.0
16-01-13,39050.0
16-01-14,37900.0
16-01-15,37850.0
16-01-18,38000.0
16-01-19,37600.0
16-01-20,38300.0
16-01-21,37050.0
16-01-22,38600.0
16-01-25,39400.0
16-01-26,38800.0
16-01-27,39900.0
16-01-28,39850.0
16-01-29,41200.0
16-02-01,41600.0
16-02-02,41800.0
16-02-03,41200.0
16-02-04,41550.0
16-02-05,41200.0
16-02-11,41700.0
16-02-12,40600.0
16-02-15,40850.0
16-02-16,41100.0
16-02-17,41150.0
16-02-18,40350.0
16-02-19,41050.0
16-02-22,41050.0
16-02-23,41450.0
16-02-24,41900.0
16-02-25,41050.0
16-02-26,41250.0
16-02-29,41250.0
16-03-02,41850.0
16-03-03,41350.0
16-03-04,40600.0
16-03-07,40200.0
16-03-08,39950.0
16-03-09,41350.0
16-03-10,41550.0
16-03-11,41350.0
16-03-14,40600.0
16-03-15,41300.0
16-03-16,42150.0
16-03-17,42100.0
16-03-18,41750.0
16-03-21,42500.0
16-03-22,42500.0
16-03-23,42250.0
16-03-24,41750.0
16-03-25,42000.0
16-03-28,42100.0
16-03-29,42750.0
16-03-30,40950.0
16-03-31,40900.0
16-04-01,41100.0
16-04-04,40250.0
16-04-05,41250.0
16-04-06,41100.0
16-04-07,40500.0
16-04-08,41000.0
16-04-11,41100.0
16-04-12,40950.0
16-04-14,42150.0
16-04-15,43400.0
16-04-18,42850.0
16-04-19,42900.0
16-04-20,42300.0
16-04-21,42350.0
16-04-22,42150.0
16-04-25,42950.0
16-04-26,42750.0
16-04-27,43250.0
16-04-28,43150.0
16-04-29,42650.0
16-05-02,42750.0
16-05-03,42250.0
16-05-04,43050.0
16-05-09,44600.0
16-05-10,43300.0
16-05-11,42700.0
16-05-12,42500.0
16-05-13,42200.0
16-05-16,42600.0
16-05-17,42550.0
16-05-18,42400.0
16-05-19,42300.0
16-05-20,42450.0
16-05-23,41150.0
16-05-24,40550.0
16-05-25,41500.0
16-05-26,41600.0
16-05-27,41950.0
16-05-30,41950.0
16-05-31,42550.0
16-06-01,42000.0
16-06-02,42400.0
16-06-03,42800.0
16-06-07,43400.0
16-06-08,44050.0
16-06-09,43150.0
16-06-10,43200.0
16-06-13,42950.0
16-06-14,42200.0
16-06-15,42200.0
16-06-16,41850.0
16-06-17,42050.0
16-06-20,42500.0
16-06-21,42200.0
16-06-22,42250.0
16-06-23,42200.0
16-06-24,41900.0
16-06-27,42200.0
16-06-28,41000.0
16-06-29,41050.0
16-06-30,41700.0
16-07-01,41550.0
16-07-04,42200.0
16-07-05,41650.0
16-07-06,41000.0
16-07-07,40900.0
16-07-08,40600.0
16-07-11,41350.0
16-07-12,40750.0
16-07-13,41100.0
16-07-14,41450.0
16-07-15,41750.0
16-07-18,41400.0
16-07-19,41150.0
16-07-20,40750.0
16-07-21,40700.0
16-07-22,40350.0
16-07-25,40950.0
16-07-26,41400.0
16-07-27,41000.0
16-07-28,41350.0
16-07-29,41000.0
16-08-01,41300.0
16-08-02,40450.0
16-08-03,38950.0
16-08-04,40200.0
16-08-05,40700.0
16-08-08,41100.0
16-08-09,41500.0
16-08-10,42150.0
16-08-11,42100.0
16-08-12,42200.0
16-08-16,41750.0
16-08-17,41400.0
16-08-18,41250.0
16-08-19,39900.0
16-08-22,39450.0
16-08-23,39500.0
16-08-24,39600.0
16-08-25,39600.0
16-08-26,40100.0
16-08-29,40500.0
16-08-30,40200.0
16-08-31,39450.0
16-09-01,40200.0
16-09-02,40050.0
16-09-05,40500.0
16-09-06,40000.0
16-09-07,40000.0
16-09-08,39900.0
16-09-09,39300.0
16-09-12,39300.0
16-09-13,38450.0
16-09-19,38400.0
16-09-20,39000.0
16-09-21,39500.0
16-09-22,39600.0
16-09-23,39800.0
16-09-26,39900.0
16-09-27,40150.0
16-09-28,39700.0
16-09-29,39950.0
16-09-30,39300.0
16-10-04,39100.0
16-10-05,38850.0
16-10-06,38000.0
16-10-07,38000.0
16-10-10,38350.0
16-10-11,38250.0
16-10-12,38350.0
16-10-13,37900.0
16-10-14,37700.0
16-10-17,38400.0
16-10-18,38700.0
16-10-19,39050.0
16-10-20,39150.0
16-10-21,38750.0
16-10-24,39500.0
16-10-25,38850.0
16-10-26,38550.0
16-10-27,38900.0
16-10-28,38500.0
16-10-31,37950.0
16-11-01,38450.0
16-11-02,38150.0
16-11-03,36000.0
16-11-04,37200.0
16-11-07,36450.0
16-11-08,36600.0
16-11-09,36850.0
16-11-10,37500.0
16-11-11,36500.0
16-11-14,36150.0
16-11-15,35600.0
16-11-16,35450.0
16-11-17,36000.0
16-11-18,35600.0
16-11-21,35350.0
16-11-22,35900.0
16-11-23,36100.0
16-11-24,36850.0
16-11-25,37450.0
16-11-28,37200.0
16-11-29,37150.0
16-11-30,35650.0
16-12-01,36800.0
16-12-02,36300.0
16-12-05,36250.0
16-12-06,36550.0
16-12-07,36850.0
16-12-08,37750.0
16-12-09,37400.0
16-12-12,36900.0
16-12-13,37050.0
16-12-14,37350.0
16-12-15,37050.0
16-12-16,36650.0
16-12-19,37050.0
16-12-20,36650.0
16-12-21,36550.0
16-12-22,36950.0
16-12-23,37550.0
16-12-26,37350.0
16-12-27,37150.0
16-12-28,36250.0
16-12-29,35750.0
17-01-02,35700.0
17-01-03,35550.0
17-01-04,36300.0
17-01-05,36650.0
17-01-06,36050.0
17-01-09,34550.0
17-01-10,34800.0
17-01-11,34500.0
17-01-12,34650.0
17-01-13,35100.0
17-01-16,34950.0
17-01-17,34950.0
17-01-18,34500.0
17-01-19,34200.0
17-01-20,34000.0
17-01-23,34050.0
17-01-24,33900.0
17-01-25,32950.0
17-01-26,32650.0
17-01-31,32700.0
17-02-01,34000.0
17-02-02,34550.0
17-02-03,34500.0
17-02-06,35100.0
17-02-07,35450.0
17-02-08,35000.0
17-02-09,35350.0
17-02-10,34900.0
17-02-13,35200.0
17-02-14,35500.0
17-02-15,35600.0
17-02-16,34300.0
17-02-17,34150.0
17-02-20,34450.0
17-02-21,34500.0
17-02-22,34650.0
17-02-23,35450.0
17-02-24,35450.0
17-02-27,35650.0
17-02-28,35350.0
17-03-02,34700.0
17-03-03,34350.0
17-03-06,33350.0
17-03-07,34250.0
17-03-08,34250.0
17-03-09,34000.0
17-03-10,33750.0
17-03-13,33750.0
17-03-14,34200.0
17-03-15,34350.0
17-03-16,34600.0
17-03-17,35900.0
17-03-20,35950.0
17-03-21,35950.0
17-03-22,37500.0
17-03-23,37300.0
17-03-24,37150.0
17-03-27,37300.0
17-03-28,36800.0
17-03-29,37000.0
17-03-30,38150.0
17-03-31,38200.0
17-04-03,37400.0
17-04-04,37300.0
17-04-05,37250.0
17-04-06,36600.0
17-04-07,37000.0
17-04-10,36450.0
17-04-11,36000.0
17-04-12,36000.0
17-04-13,37300.0
17-04-14,37350.0
17-04-17,37050.0
17-04-18,37500.0
17-04-19,36800.0
17-04-20,37600.0
17-04-21,37500.0
17-04-24,36950.0
17-04-25,37550.0
17-04-26,37650.0
17-04-27,37400.0
17-04-28,36150.0
17-05-02,36800.0
17-05-04,37100.0
17-05-08,37600.0
17-05-10,37800.0
17-05-11,38800.0
17-05-12,38550.0
17-05-15,38550.0
17-05-16,36900.0
17-05-17,36850.0
17-05-18,36250.0
17-05-19,36500.0
17-05-22,36100.0
17-05-23,36450.0
17-05-24,36950.0
17-05-25,36700.0
17-05-26,36550.0
17-05-29,36050.0
17-05-30,36250.0
17-05-31,36250.0
17-06-01,36200.0
17-06-02,37150.0
17-06-05,36600.0
17-06-07,36050.0
17-06-08,35950.0
17-06-09,35300.0
17-06-12,35600.0
17-06-13,35800.0
17-06-14,35350.0
17-06-15,35450.0
17-06-16,35200.0
17-06-19,35350.0
17-06-20,34600.0
17-06-21,34950.0
17-06-22,35500.0
17-06-23,35150.0
17-06-26,35000.0
17-06-27,35100.0
17-06-28,35400.0
17-06-29,35050.0
17-06-30,34850.0
17-07-03,35400.0
17-07-04,35300.0
17-07-05,34900.0
17-07-06,34850.0
17-07-07,34800.0
17-07-10,34000.0
17-07-11,34300.0
17-07-12,34050.0
17-07-13,33400.0
17-07-14,33700.0
17-07-17,34350.0
17-07-18,34500.0
17-07-19,35050.0
17-07-20,34950.0
17-07-21,34500.0
17-07-24,34550.0
17-07-25,35500.0
17-07-26,35350.0
17-07-27,36900.0
17-07-28,36900.0
17-07-31,37000.0
17-08-01,37650.0
17-08-02,37050.0
17-08-03,36800.0
17-08-04,36500.0
17-08-07,36300.0
17-08-08,36200.0
17-08-09,37300.0
17-08-10,35900.0
17-08-11,35650.0
17-08-14,35700.0
17-08-16,35050.0
17-08-17,35050.0
17-08-18,35350.0
17-08-21,35350.0
17-08-22,35250.0
17-08-23,34850.0
17-08-24,34800.0
17-08-25,34900.0
17-08-28,35150.0
17-08-29,35100.0
17-08-30,34850.0
17-08-31,34500.0
17-09-01,34450.0
17-09-04,34300.0
17-09-05,34850.0
17-09-06,35250.0
17-09-07,35450.0
17-09-08,35350.0
17-09-11,35950.0
17-09-12,35900.0
17-09-13,34850.0
17-09-14,35500.0
17-09-15,35700.0
17-09-18,35650.0
17-09-19,34850.0
17-09-20,35050.0
17-09-21,34400.0
17-09-22,34400.0
17-09-25,34100.0
17-09-26,34600.0
17-09-27,34700.0
17-09-28,34700.0
17-09-29,35000.0
17-10-10,34750.0
17-10-11,34050.0
17-10-12,34150.0
17-10-13,34250.0
17-10-16,34750.0
17-10-17,34050.0
17-10-18,33850.0
17-10-19,34350.0
17-10-20,34250.0
17-10-23,33900.0
17-10-24,34100.0
17-10-25,33800.0
17-10-26,33850.0
17-10-27,34200.0
17-10-30,34150.0
17-10-31,34300.0
17-11-01,34100.0
17-11-02,34150.0
17-11-03,34500.0
17-11-06,34350.0
17-11-07,34550.0
17-11-08,34650.0
17-11-09,35800.0
17-11-10,35900.0
17-11-13,35700.0
17-11-14,37600.0
17-11-15,37950.0
17-11-16,38200.0
17-11-17,38000.0
17-11-20,38050.0
17-11-21,37700.0
17-11-22,37200.0
17-11-23,37950.0
17-11-24,37500.0
17-11-27,36800.0
17-11-28,37150.0
17-11-29,37350.0
17-11-30,37150.0
17-12-01,36700.0
17-12-04,37250.0
17-12-05,37650.0
17-12-06,37600.0
17-12-07,37900.0
17-12-08,36650.0
17-12-11,36950.0
17-12-12,36950.0
17-12-13,37950.0
17-12-14,38100.0
17-12-15,36750.0
17-12-18,36050.0
17-12-19,35050.0
17-12-20,35000.0
17-12-21,34850.0
17-12-22,34650.0
17-12-26,34900.0
17-12-27,34300.0
17-12-28,34800.0
18-01-02,32050.0
18-01-03,31950.0
18-01-04,31750.0
18-01-05,31200.0
18-01-08,31550.0
18-01-09,31750.0
18-01-10,31650.0
18-01-11,31200.0
18-01-12,31400.0
18-01-15,31250.0
18-01-16,31700.0
18-01-17,32550.0
18-01-18,31850.0
18-01-19,32350.0
18-01-22,32300.0
18-01-23,32900.0
18-01-24,32850.0
18-01-25,32850.0
18-01-26,33050.0
18-01-29,33400.0
18-01-30,32750.0
18-01-31,32450.0
18-02-01,33200.0
18-02-02,33400.0
18-02-05,32200.0
18-02-06,31850.0
18-02-07,31450.0
18-02-08,31400.0
18-02-09,29850.0
18-02-12,29850.0
18-02-13,29500.0
18-02-14,29700.0
18-02-19,30050.0
18-02-20,29600.0
18-02-21,29550.0
18-02-22,29250.0
18-02-23,29050.0
18-02-26,29250.0
18-02-27,29350.0
18-02-28,28850.0
18-03-02,28400.0
18-03-05,28050.0
18-03-06,28700.0
18-03-07,28750.0
18-03-08,28950.0
18-03-09,29200.0
18-03-12,28800.0
18-03-13,28450.0
18-03-14,28400.0
18-03-15,28500.0
18-03-16,28050.0
18-03-19,27950.0
18-03-20,27900.0
18-03-21,28300.0
18-03-22,28400.0
18-03-23,27400.0
18-03-26,27350.0
18-03-27,27550.0
18-03-28,27650.0
18-03-29,27250.0
18-03-30,28200.0
18-04-02,28500.0
18-04-03,28350.0
18-04-04,28450.0
18-04-05,28200.0
18-04-06,27900.0
18-04-09,27600.0
18-04-10,27400.0
18-04-11,27200.0
18-04-12,26850.0
18-04-13,26100.0
18-04-16,26450.0
18-04-17,27100.0
18-04-18,27800.0
18-04-19,27600.0
18-04-20,28750.0
18-04-23,28750.0
18-04-24,29550.0
18-04-25,29450.0
18-04-26,29000.0
18-04-27,28950.0
18-04-30,28900.0
18-05-02,29250.0
18-05-03,29150.0
18-05-04,29050.0
18-05-08,29000.0
18-05-09,28650.0
18-05-10,28650.0
18-05-11,28650.0
18-05-14,27950.0
18-05-15,27950.0
18-05-16,27600.0
18-05-17,27950.0
18-05-18,28150.0
18-05-21,27950.0
18-05-23,27450.0
18-05-24,27600.0
18-05-25,27500.0
18-05-28,27000.0
18-05-29,26900.0
18-05-30,26800.0
18-05-31,26850.0
18-06-01,27000.0
18-06-04,26950.0
18-06-05,27300.0
18-06-07,27400.0
18-06-08,28100.0
18-06-11,28100.0
18-06-12,28850.0
18-06-14,28650.0
18-06-15,28600.0
18-06-18,28800.0
18-06-19,28950.0
18-06-20,28450.0
18-06-21,27300.0
18-06-22,27650.0
18-06-25,27550.0
18-06-26,27050.0
18-06-27,26650.0
18-06-28,25950.0
18-06-29,26150.0
18-07-02,25850.0
18-07-03,25700.0
18-07-04,25750.0
18-07-05,25400.0
18-07-06,25500.0
18-07-09,25850.0
18-07-10,25950.0
18-07-11,25900.0
18-07-12,25900.0
18-07-13,25850.0
18-07-16,26000.0
18-07-17,26350.0
18-07-18,27000.0
18-07-19,26700.0
18-07-20,26800.0
18-07-23,26700.0
18-07-24,26400.0
18-07-25,26600.0
18-07-26,26550.0
18-07-27,26400.0
18-07-30,26350.0
18-07-31,26000.0
18-08-01,25900.0
18-08-02,25800.0
18-08-03,25800.0
18-08-06,26000.0
18-08-07,26150.0
18-08-08,26000.0
18-08-09,26800.0
18-08-10,28900.0
18-08-13,28950.0
18-08-14,29550.0
18-08-16,28700.0
18-08-17,29450.0
18-08-20,29350.0
18-08-21,29350.0
18-08-22,29200.0
18-08-23,29750.0
18-08-24,29650.0
18-08-27,28900.0
18-08-28,29150.0
18-08-29,28400.0
18-08-30,28600.0
18-08-31,28950.0
18-09-03,28500.0
18-09-04,28500.0
18-09-05,28450.0
18-09-06,28500.0
18-09-07,28400.0
18-09-10,28050.0
18-09-11,27950.0
18-09-12,27000.0
18-09-13,27000.0
18-09-14,27600.0
18-09-17,27450.0
18-09-18,27850.0
18-09-19,27900.0
18-09-20,27800.0
18-09-21,28450.0
18-09-27,28350.0
18-09-28,28700.0
18-10-01,28250.0
18-10-02,27750.0
18-10-04,28100.0
18-10-05,28450.0
18-10-08,28300.0
18-10-10,28700.0
18-10-11,28150.0
18-10-12,27450.0
18-10-15,28450.0
18-10-16,28800.0
18-10-17,29550.0
18-10-18,29600.0
18-10-19,29450.0
18-10-22,30150.0
18-10-23,29800.0
18-10-24,29600.0
18-10-25,29300.0
18-10-26,28600.0
18-10-29,28150.0
18-10-30,27950.0
18-10-31,28700.0
18-11-01,28000.0
18-11-02,28500.0
18-11-05,28700.0
18-11-06,28700.0
18-11-07,28850.0
18-11-08,29150.0
18-11-09,30100.0
18-11-12,29450.0
18-11-13,29850.0
18-11-14,30150.0
18-11-15,30150.0
18-11-16,30100.0
18-11-19,30250.0
18-11-20,30100.0
18-11-21,30050.0
18-11-22,30600.0
18-11-23,30150.0
18-11-26,30150.0
18-11-27,30200.0
18-11-28,30350.0
18-11-29,32350.0
18-11-30,32250.0
18-12-03,31850.0
18-12-04,32000.0
18-12-05,32750.0
18-12-06,32950.0
18-12-07,32750.0
18-12-10,32950.0
18-12-11,33300.0
18-12-12,32950.0
18-12-13,34250.0
18-12-14,32650.0
18-12-17,32850.0
18-12-18,32900.0
18-12-19,33200.0
18-12-20,33500.0
18-12-21,32900.0
18-12-24,32650.0
18-12-26,32300.0
18-12-27,31950.0
18-12-28,32000.0
19-01-02,30900.0
19-01-03,31700.0
19-01-04,32850.0
19-01-07,32350.0
19-01-08,32200.0
19-01-09,31850.0
19-01-10,31800.0
19-01-11,32250.0
19-01-14,32300.0
19-01-15,32200.0
19-01-16,32250.0
19-01-17,31550.0
19-01-18,32150.0
19-01-21,32000.0
19-01-22,32100.0
19-01-23,33250.0
19-01-24,33500.0
19-01-25,32900.0
19-01-28,33050.0
19-01-29,33150.0
19-01-30,33650.0
19-01-31,34000.0
19-02-01,33500.0
19-02-07,34000.0
19-02-08,33950.0
19-02-11,34050.0
19-02-12,33550.0
19-02-13,34100.0
19-02-14,34550.0
19-02-15,32050.0
19-02-18,32350.0
19-02-19,31700.0
19-02-20,31800.0
19-02-21,31400.0
19-02-22,31550.0
19-02-25,31600.0
19-02-26,31050.0
19-02-27,31200.0
19-02-28,30900.0
19-03-04,30450.0
19-03-05,30750.0
19-03-06,30850.0
19-03-07,30750.0
19-03-08,30450.0
19-03-11,31500.0
19-03-12,31100.0
19-03-13,31500.0
19-03-14,32000.0
19-03-15,32650.0
19-03-18,32750.0
19-03-19,32650.0
19-03-20,32650.0
19-03-21,32100.0
19-03-22,32350.0
19-03-25,32050.0
19-03-26,32400.0
19-03-27,32150.0
19-03-28,31500.0
19-03-29,32000.0
19-04-01,31650.0
19-04-02,32250.0
19-04-03,31750.0
19-04-04,31600.0
19-04-05,31700.0
19-04-08,31500.0
19-04-09,31250.0
19-04-10,31600.0
19-04-11,31250.0
19-04-12,32600.0
19-04-15,32950.0
19-04-16,32800.0
19-04-17,32500.0
19-04-18,32550.0
19-04-19,33100.0
19-04-22,34000.0
19-04-23,34100.0
19-04-24,33950.0
19-04-25,33850.0
19-04-26,33850.0
19-04-29,34000.0
19-04-30,34000.0
19-05-02,34150.0
19-05-03,32950.0
19-05-07,33100.0
19-05-08,33150.0
19-05-09,32450.0
19-05-10,32350.0
19-05-13,32500.0
19-05-14,31700.0
19-05-15,31550.0
19-05-16,30950.0
19-05-17,31050.0
19-05-20,31000.0
19-05-21,30750.0
19-05-22,30700.0
19-05-23,30650.0
19-05-24,31150.0
19-05-27,30900.0
19-05-28,31250.0
19-05-29,30700.0
19-05-30,31100.0
19-05-31,31050.0
19-06-03,31800.0
19-06-04,31950.0
19-06-05,31300.0
19-06-07,30850.0
19-06-10,31500.0
19-06-11,30650.0
19-06-12,30500.0
19-06-13,30850.0
19-06-14,30600.0
19-06-17,30650.0
19-06-18,30800.0
19-06-19,31150.0
19-06-20,31200.0
19-06-21,31300.0
19-06-24,30900.0
19-06-25,30600.0
19-06-26,30600.0
19-06-27,30700.0
19-06-28,30250.0
19-07-01,30300.0
19-07-02,30600.0
19-07-03,30150.0
19-07-04,30950.0
19-07-05,30850.0
19-07-08,30650.0
19-07-09,30650.0
19-07-10,29700.0
19-07-11,29650.0
19-07-12,30000.0
19-07-15,29650.0
19-07-16,30200.0
19-07-17,30250.0
19-07-18,30650.0
19-07-19,30800.0
19-07-22,31050.0
19-07-23,30550.0
19-07-24,31000.0
19-07-25,30850.0
19-07-26,30600.0
19-07-29,30600.0
19-07-30,30500.0
19-07-31,30750.0
19-08-01,30400.0
19-08-02,30400.0
19-08-05,30950.0
19-08-06,29900.0
19-08-07,29000.0
19-08-08,29650.0
19-08-09,29750.0
19-08-12,29850.0
19-08-13,29550.0
19-08-14,28950.0
19-08-16,28350.0
19-08-19,28450.0
19-08-20,28550.0
19-08-21,28250.0
19-08-22,28400.0
19-08-23,28200.0
19-08-26,28100.0
19-08-27,27850.0
19-08-28,27850.0
19-08-29,28300.0
19-08-30,28250.0
19-09-02,28400.0
19-09-03,28300.0
19-09-04,28800.0
19-09-05,28950.0
19-09-06,29100.0
19-09-09,29150.0
19-09-10,29150.0
19-09-11,29600.0
19-09-16,30100.0
19-09-17,29850.0
19-09-18,29450.0
19-09-19,29550.0
19-09-20,29250.0
19-09-23,29350.0
19-09-24,29300.0
19-09-25,30200.0
19-09-26,29700.0
19-09-27,29500.0
19-09-30,29550.0
19-10-01,30100.0
19-10-02,29700.0
19-10-04,29200.0
19-10-07,29000.0
19-10-08,29300.0
19-10-10,29150.0
19-10-11,29750.0
19-10-14,30200.0
19-10-15,30200.0
19-10-16,30400.0
19-10-17,30750.0
19-10-18,30950.0
19-10-21,30800.0
19-10-22,31000.0
19-10-23,30900.0
19-10-24,31050.0
19-10-25,31150.0
19-10-28,31350.0
19-10-29,31650.0
19-10-30,31650.0
19-10-31,31350.0
19-11-01,31950.0
19-11-04,31250.0
19-11-05,30350.0
19-11-06,30200.0
19-11-07,30350.0
19-11-08,30450.0
19-11-11,31000.0
19-11-12,31300.0
19-11-13,31400.0
19-11-14,30950.0
19-11-15,31500.0
19-11-18,31450.0
19-11-19,31450.0
19-11-20,30750.0
19-11-21,30350.0
19-11-22,29500.0
19-11-25,30000.0
19-11-26,29900.0
19-11-27,30200.0
19-11-28,30150.0
19-11-29,29350.0
19-12-02,29950.0
19-12-03,30150.0
19-12-04,29550.0
19-12-05,29250.0
19-12-06,29350.0
19-12-09,29400.0
19-12-10,29150.0
19-12-11,29550.0
19-12-12,30000.0
19-12-13,30650.0
19-12-16,30250.0
19-12-17,30100.0
19-12-18,29900.0
19-12-19,30000.0
19-12-20,29900.0
19-12-23,29950.0
19-12-24,30300.0
19-12-26,30600.0
19-12-27,29650.0
19-12-30,29600.0
20-01-02,29250.0
20-01-03,29150.0
20-01-06,28950.0
20-01-07,29150.0
20-01-08,28500.0
20-01-09,29000.0
20-01-10,29000.0
20-01-13,29400.0
20-01-14,29300.0
20-01-15,29500.0
20-01-16,28800.0
20-01-17,28600.0
20-01-20,28700.0
20-01-21,28350.0
20-01-22,28850.0
20-01-23,28600.0
20-01-28,27650.0
20-01-29,27300.0
20-01-30,28000.0
20-01-31,27550.0
20-02-03,27100.0
20-02-04,26800.0
20-02-05,26750.0
20-02-06,27650.0
20-02-07,27300.0
20-02-10,27050.0
20-02-11,26950.0
20-02-12,27200.0
20-02-13,26850.0
20-02-14,26650.0
20-02-17,26450.0
20-02-18,26200.0
20-02-19,26250.0
20-02-20,25800.0
20-02-21,25050.0
20-02-24,23800.0
20-02-25,24150.0
20-02-26,23600.0
20-02-27,23850.0
20-02-28,22800.0
20-03-02,23050.0
20-03-03,23350.0
20-03-04,23650.0
20-03-05,24450.0
20-03-06,23950.0
20-03-09,23650.0
20-03-10,23400.0
20-03-11,23050.0
20-03-12,22050.0
20-03-13,21250.0
20-03-16,20900.0
20-03-17,19800.0
20-03-18,18500.0
20-03-19,16900.0
20-03-20,17400.0
20-03-23,16250.0
20-03-24,18250.0
20-03-25,19350.0
20-03-26,19600.0
20-03-27,20050.0
20-03-30,19300.0
20-03-31,19750.0
20-04-01,18450.0
20-04-02,18700.0
20-04-03,18650.0
20-04-06,20000.0
20-04-07,20700.0
20-04-08,20750.0
20-04-09,23300.0
20-04-10,24100.0
20-04-13,23400.0
20-04-14,23700.0
20-04-16,24700.0
20-04-17,24950.0
20-04-20,24400.0
20-04-21,24650.0
20-04-22,24800.0
20-04-23,24450.0
20-04-24,24150.0
20-04-27,24700.0
20-04-28,25200.0
20-04-29,25050.0
20-05-04,24400.0
20-05-06,24400.0
20-05-07,24550.0
20-05-08,24900.0
20-05-11,24500.0
20-05-12,23800.0
20-05-13,22800.0
20-05-14,22500.0
20-05-15,23000.0
20-05-18,22900.0
20-05-19,23800.0
20-05-20,25000.0
20-05-21,24900.0
20-05-22,24800.0
20-05-25,24950.0
20-05-26,25150.0
20-05-27,26250.0
20-05-28,24650.0
20-05-29,24200.0
20-06-01,24700.0
20-06-02,24750.0
20-06-03,25300.0
20-06-04,25900.0
20-06-05,25650.0
20-06-08,25250.0
20-06-09,25350.0
20-06-10,24900.0
20-06-11,24500.0
20-06-12,23800.0
20-06-15,22250.0
20-06-16,23350.0
20-06-17,22750.0
20-06-18,22750.0
20-06-19,22600.0
20-06-22,22350.0
20-06-23,22550.0
20-06-24,22300.0
20-06-25,21750.0
20-06-26,21950.0
20-06-29,21450.0
20-06-30,21500.0
20-07-01,21700.0
20-07-02,22500.0
20-07-03,22000.0
20-07-06,22250.0
20-07-07,22400.0
20-07-08,23200.0
20-07-09,23150.0
20-07-10,23250.0
20-07-13,23250.0
20-07-14,23550.0
20-07-15,24000.0
20-07-16,24250.0
20-07-17,24400.0
20-07-20,25000.0
20-07-21,24800.0
20-07-22,23900.0
20-07-23,23200.0
20-07-24,22950.0
20-07-27,22950.0
20-07-28,22750.0
20-07-29,23050.0
20-07-30,22950.0
20-07-31,22850.0
20-08-03,22500.0
20-08-04,22450.0
20-08-05,22450.0
20-08-06,22950.0
20-08-07,22800.0
20-08-10,22600.0
20-08-11,23050.0
20-08-12,23900.0
20-08-13,23500.0
20-08-14,23250.0
20-08-18,22100.0
20-08-19,21950.0
20-08-20,20900.0
20-08-21,20650.0
20-08-24,20650.0
20-08-25,21350.0
20-08-26,21000.0
20-08-27,20500.0
20-08-28,20900.0
20-08-31,20650.0
20-09-01,21000.0
20-09-02,21350.0
20-09-03,21100.0
20-09-04,20800.0
20-09-07,21250.0
20-09-08,21450.0
20-09-09,21100.0
20-09-10,21050.0
20-09-11,21150.0
20-09-14,21250.0
20-09-15,21250.0
20-09-16,21500.0
20-09-17,21650.0
20-09-18,21300.0
20-09-21,21200.0
20-09-22,20950.0
20-09-23,21100.0
20-09-24,20600.0
20-09-25,20800.0
20-09-28,21400.0
20-09-29,21500.0
20-10-05,21500.0
20-10-06,21300.0
20-10-07,21500.0
20-10-08,21800.0
20-10-12,23400.0
20-10-13,23000.0
20-10-14,22550.0
20-10-15,22000.0
20-10-16,22050.0
20-10-19,22400.0
20-10-20,22500.0
20-10-21,23150.0
20-10-22,22900.0
20-10-23,22950.0
20-10-26,22550.0
20-10-27,22550.0
20-10-28,22550.0
20-10-29,21800.0
20-10-30,21100.0
20-11-02,21200.0
20-11-03,21650.0
20-11-04,21650.0
20-11-05,21800.0
20-11-06,21450.0
20-11-09,21500.0
20-11-10,22300.0
20-11-11,23450.0
20-11-12,23000.0
20-11-13,22400.0
20-11-16,22450.0
20-11-17,22850.0
20-11-18,22850.0
20-11-19,22650.0
20-11-20,23100.0
20-11-23,22800.0
20-11-24,23250.0
20-11-25,23900.0
20-11-26,23100.0
20-11-27,23200.0
20-11-30,22450.0
20-12-01,23150.0
20-12-02,23850.0
20-12-03,23750.0
20-12-04,23550.0
20-12-07,23550.0
20-12-08,23250.0
20-12-09,23700.0
20-12-10,23700.0
20-12-11,23950.0
20-12-14,23800.0
20-12-15,23750.0
20-12-16,23400.0
20-12-17,23100.0
20-12-18,23200.0
20-12-21,23300.0
20-12-22,22900.0
20-12-23,22750.0
20-12-24,23100.0
20-12-28,23150.0
20-12-29,23450.0
20-12-30,23500.0
21-01-04,23350.0
21-01-05,23450.0
21-01-06,23450.0
21-01-07,23400.0
21-01-08,24000.0
21-01-11,23700.0
21-01-12,24900.0
21-01-13,24900.0
21-01-14,25650.0
21-01-15,25200.0
21-01-18,24350.0
21-01-19,24600.0
21-01-20,24450.0
21-01-21,24400.0
21-01-22,25300.0
21-01-25,25400.0
21-01-26,24750.0
21-01-27,24600.0
21-01-28,23900.0
21-01-29,23550.0
21-02-01,23600.0
21-02-02,23800.0
21-02-03,24000.0
21-02-04,23800.0
21-02-05,23900.0
21-02-08,24400.0
21-02-09,24550.0
21-02-10,24450.0
21-02-15,24650.0
21-02-16,25150.0
21-02-17,24700.0
21-02-18,24450.0
21-02-19,24450.0
21-02-22,24600.0
21-02-23,25300.0
21-02-24,24600.0
21-02-25,24800.0
21-02-26,24200.0
21-03-02,24250.0
21-03-03,25000.0
21-03-04,26100.0
21-03-05,26200.0
21-03-08,25800.0
21-03-09,25750.0
21-03-10,25750.0
21-03-11,25550.0
21-03-12,25500.0
21-03-15,25900.0
21-03-16,26850.0
21-03-17,27050.0
21-03-18,26750.0
21-03-19,26500.0
21-03-22,27000.0
21-03-23,26850.0
21-03-24,26300.0
21-03-25,26300.0
21-03-26,26200.0
21-03-29,25700.0
21-03-30,25450.0
21-03-31,25300.0
21-04-01,25400.0
21-04-02,25350.0
21-04-05,25350.0
21-04-06,25500.0
21-04-07,25600.0
21-04-08,25150.0
21-04-09,24950.0
21-04-12,24750.0
21-04-13,25000.0
21-04-14,24750.0
21-04-15,24500.0
21-04-16,24300.0
21-04-19,24700.0
21-04-20,25000.0
21-04-21,24550.0
21-04-22,24500.0
21-04-23,24500.0
21-04-26,25000.0
21-04-27,25000.0
21-04-28,24900.0
21-04-29,24950.0
21-04-30,25300.0
21-05-03,25150.0
21-05-04,25050.0
21-05-06,25300.0
21-05-07,25550.0
21-05-10,26000.0
21-05-11,26050.0
21-05-12,25500.0
21-05-13,25600.0
21-05-14,25950.0
21-05-17,26250.0
21-05-18,26300.0
21-05-20,26000.0
21-05-21,25650.0
21-05-24,25550.0
21-05-25,27250.0
21-05-26,27850.0
21-05-27,28300.0
21-05-28,27900.0
21-05-31,28750.0
21-06-01,28750.0
21-06-02,29400.0
21-06-03,29100.0
21-06-04,28550.0
21-06-07,28550.0
21-06-08,28400.0
21-06-09,28450.0
21-06-10,28350.0
21-06-11,28200.0
21-06-14,28150.0
21-06-15,28000.0
21-06-16,28200.0
21-06-17,28150.0
21-06-18,27700.0
21-06-21,27400.0
21-06-22,27600.0
21-06-23,27150.0
21-06-24,27100.0
21-06-25,27300.0
21-06-28,27150.0
21-06-29,27050.0
21-06-30,26900.0
21-07-01,26850.0
21-07-02,26850.0
21-07-05,27050.0
21-07-06,27300.0
21-07-07,26550.0
21-07-08,25850.0
21-07-09,25450.0
21-07-12,25800.0
21-07-13,26150.0
21-07-14,25650.0
21-07-15,26000.0
21-07-16,25900.0
21-07-19,25600.0
21-07-20,25500.0
21-07-21,25500.0
21-07-22,26100.0
21-07-23,26100.0
21-07-26,25700.0
21-07-27,26000.0
21-07-28,25950.0
21-07-29,26150.0
21-07-30,25900.0
21-08-02,26150.0
21-08-03,26250.0
21-08-04,26950.0
21-08-05,26950.0
21-08-06,27200.0
21-08-09,27100.0
21-08-10,26800.0
21-08-11,27650.0
21-08-12,27300.0
21-08-13,26750.0
21-08-17,26050.0
21-08-18,26400.0
21-08-19,25350.0
21-08-20,25300.0
21-08-23,26150.0
21-08-24,26950.0
21-08-25,27300.0
21-08-26,27350.0
21-08-27,27250.0
21-08-30,27700.0
21-08-31,27700.0
21-09-01,27950.0
21-09-02,28300.0
21-09-03,28350.0
21-09-06,28150.0
21-09-07,28350.0
21-09-08,28450.0
21-09-09,27650.0
21-09-10,28050.0
21-09-13,27900.0
21-09-14,28100.0
21-09-15,28200.0
21-09-16,28200.0
21-09-17,28350.0
21-09-18,27896.16484375
21-09-19,27533.405312500003
21-09-20,27243.273664062504
21-09-21,27010.975181250007
21-09-22,26824.81178562501
21-09-23,26675.26895975001
21-09-24,26554.737042800007
21-09-25,26457.252524865005
21-09-26,26378.639715204507
21-09-27,26315.372319038608
21-09-28,26264.52910523089
21-09-29,26223.64789355971
21-09-30,26190.736478910272
21-10-01,26164.65363625322
21-10-02,26143.95982306508
21-10-03,26128.178795952066
21-10-04,26116.771943011656
21-10-05,26108.991773159327
21-10-06,26104.175840402462
21-10-07,26101.36489107197
21-10-08,26099.75656129508
21-10-09,26098.650561536066
21-10-10,26097.639785166357
21-10-11,26096.804796883087
21-10-12,26096.07000938147
21-10-13,26095.31030438018
21-10-14,26094.346290379144
21-10-15,26093.200079178314
